<routes>
    <vType id="type_0" length="3.0" tau="1.0" color="39,174,96"/>
    <vType id="type_1" length="3.5" tau="1.0" color="211,84,0"/>
    <vType id="type_2" length="4.0" tau="1.0" color="52,73,94"/>
    <vType id="type_3" length="4.5" tau="1.0" color="22,160,133"/>
    <vType id="type_4" length="5.0" tau="1.0" color="22,160,133"/>
    <vType id="type_5" length="3.0" tau="1.5" color="189,195,199"/>
    <vType id="type_6" length="3.5" tau="1.5" color="44,62,80"/>
    <vType id="type_7" length="4.0" tau="1.5" color="52,73,94"/>
    <vType id="type_8" length="4.5" tau="1.5" color="211,84,0"/>
    <vType id="type_9" length="5.0" tau="1.5" color="52,73,94"/>
    <vType id="type_10" length="3.0" tau="2.0" color="26,188,156"/>
    <vType id="type_11" length="3.5" tau="2.0" color="39,174,96"/>
    <vType id="type_12" length="4.0" tau="2.0" color="127,140,141"/>
    <vType id="type_13" length="4.5" tau="2.0" color="211,84,0"/>
    <vType id="type_14" length="5.0" tau="2.0" color="127,140,141"/>
    <vType id="type_15" length="3.0" tau="2.5" color="192,57,43"/>
    <vType id="type_16" length="3.5" tau="2.5" color="189,195,199"/>
    <vType id="type_17" length="4.0" tau="2.5" color="127,140,141"/>
    <vType id="type_18" length="4.5" tau="2.5" color="41,128,185"/>
    <vType id="type_19" length="5.0" tau="2.5" color="243,156,18"/>
    <vType id="type_20" length="3.0" tau="5.0" color="236,240,241"/>
    <vType id="type_21" length="3.5" tau="5.0" color="231,76,60"/>
    <vType id="type_22" length="4.0" tau="5.0" color="46,204,113"/>
    <vType id="type_23" length="4.5" tau="5.0" color="26,188,156"/>
    <vType id="type_24" length="5.0" tau="5.0" color="241,196,15"/>
    <flow id="gsndj_n10__0" begin="0" end="60" from="gsndj_n10" number="6" type="type_7"/>
    <flow id="161701303#5__0" begin="0" end="60" from="161701303#5" number="6" type="type_12"/>
    <flow id="gsndj_s3__0" begin="0" end="60" from="gsndj_s3" number="6" type="type_2"/>
    <flow id="hrj_n8__0" begin="0" end="60" from="hrj_n8" number="5" type="type_16"/>
    <flow id="hrj_s4__0" begin="0" end="60" from="hrj_s4" number="5" type="type_14"/>
    <flow id="wjj_n9__0" begin="0" end="60" from="wjj_n9" number="5" type="type_2"/>
    <flow id="wjj_s9__0" begin="0" end="60" from="wjj_s9" number="5" type="type_10"/>
    <flow id="-72631490#0__0" begin="0" end="60" from="-72631490#0" number="5" type="type_10"/>
    <flow id="gsndj_n10__1" begin="60" end="120" from="gsndj_n10" number="7" type="type_12"/>
    <flow id="161701303#5__1" begin="60" end="120" from="161701303#5" number="7" type="type_14"/>
    <flow id="gsndj_s3__1" begin="60" end="120" from="gsndj_s3" number="7" type="type_2"/>
    <flow id="hrj_n8__1" begin="60" end="120" from="hrj_n8" number="5" type="type_19"/>
    <flow id="hrj_s4__1" begin="60" end="120" from="hrj_s4" number="5" type="type_17"/>
    <flow id="wjj_n9__1" begin="60" end="120" from="wjj_n9" number="5" type="type_2"/>
    <flow id="wjj_s9__1" begin="60" end="120" from="wjj_s9" number="5" type="type_2"/>
    <flow id="-72631490#0__1" begin="60" end="120" from="-72631490#0" number="5" type="type_17"/>
    <flow id="gsndj_n10__2" begin="120" end="180" from="gsndj_n10" number="7" type="type_17"/>
    <flow id="161701303#5__2" begin="120" end="180" from="161701303#5" number="7" type="type_16"/>
    <flow id="gsndj_s3__2" begin="120" end="180" from="gsndj_s3" number="7" type="type_17"/>
    <flow id="hrj_n8__2" begin="120" end="180" from="hrj_n8" number="5" type="type_12"/>
    <flow id="hrj_s4__2" begin="120" end="180" from="hrj_s4" number="5" type="type_14"/>
    <flow id="wjj_n9__2" begin="120" end="180" from="wjj_n9" number="5" type="type_7"/>
    <flow id="wjj_s9__2" begin="120" end="180" from="wjj_s9" number="5" type="type_15"/>
    <flow id="-72631490#0__2" begin="120" end="180" from="-72631490#0" number="5" type="type_19"/>
    <flow id="gsndj_n10__3" begin="180" end="240" from="gsndj_n10" number="8" type="type_11"/>
    <flow id="161701303#5__3" begin="180" end="240" from="161701303#5" number="8" type="type_19"/>
    <flow id="gsndj_s3__3" begin="180" end="240" from="gsndj_s3" number="8" type="type_13"/>
    <flow id="hrj_n8__3" begin="180" end="240" from="hrj_n8" number="6" type="type_17"/>
    <flow id="hrj_s4__3" begin="180" end="240" from="hrj_s4" number="6" type="type_14"/>
    <flow id="wjj_n9__3" begin="180" end="240" from="wjj_n9" number="6" type="type_2"/>
    <flow id="wjj_s9__3" begin="180" end="240" from="wjj_s9" number="6" type="type_4"/>
    <flow id="-72631490#0__3" begin="180" end="240" from="-72631490#0" number="6" type="type_13"/>
    <flow id="gsndj_n10__4" begin="240" end="300" from="gsndj_n10" number="8" type="type_12"/>
    <flow id="161701303#5__4" begin="240" end="300" from="161701303#5" number="8" type="type_2"/>
    <flow id="gsndj_s3__4" begin="240" end="300" from="gsndj_s3" number="8" type="type_17"/>
    <flow id="hrj_n8__4" begin="240" end="300" from="hrj_n8" number="6" type="type_2"/>
    <flow id="hrj_s4__4" begin="240" end="300" from="hrj_s4" number="6" type="type_17"/>
    <flow id="wjj_n9__4" begin="240" end="300" from="wjj_n9" number="6" type="type_12"/>
    <flow id="wjj_s9__4" begin="240" end="300" from="wjj_s9" number="6" type="type_16"/>
    <flow id="-72631490#0__4" begin="240" end="300" from="-72631490#0" number="6" type="type_16"/>
    <flow id="gsndj_n10__5" begin="300" end="360" from="gsndj_n10" number="8" type="type_2"/>
    <flow id="161701303#5__5" begin="300" end="360" from="161701303#5" number="8" type="type_12"/>
    <flow id="gsndj_s3__5" begin="300" end="360" from="gsndj_s3" number="8" type="type_9"/>
    <flow id="hrj_n8__5" begin="300" end="360" from="hrj_n8" number="6" type="type_19"/>
    <flow id="hrj_s4__5" begin="300" end="360" from="hrj_s4" number="6" type="type_15"/>
    <flow id="wjj_n9__5" begin="300" end="360" from="wjj_n9" number="6" type="type_18"/>
    <flow id="wjj_s9__5" begin="300" end="360" from="wjj_s9" number="6" type="type_17"/>
    <flow id="-72631490#0__5" begin="300" end="360" from="-72631490#0" number="6" type="type_7"/>
    <flow id="gsndj_n10__6" begin="360" end="420" from="gsndj_n10" number="9" type="type_17"/>
    <flow id="161701303#5__6" begin="360" end="420" from="161701303#5" number="9" type="type_17"/>
    <flow id="gsndj_s3__6" begin="360" end="420" from="gsndj_s3" number="9" type="type_2"/>
    <flow id="hrj_n8__6" begin="360" end="420" from="hrj_n8" number="6" type="type_17"/>
    <flow id="hrj_s4__6" begin="360" end="420" from="hrj_s4" number="6" type="type_7"/>
    <flow id="wjj_n9__6" begin="360" end="420" from="wjj_n9" number="6" type="type_2"/>
    <flow id="wjj_s9__6" begin="360" end="420" from="wjj_s9" number="6" type="type_17"/>
    <flow id="-72631490#0__6" begin="360" end="420" from="-72631490#0" number="6" type="type_6"/>
    <flow id="gsndj_n10__7" begin="420" end="480" from="gsndj_n10" number="9" type="type_11"/>
    <flow id="161701303#5__7" begin="420" end="480" from="161701303#5" number="9" type="type_17"/>
    <flow id="gsndj_s3__7" begin="420" end="480" from="gsndj_s3" number="9" type="type_2"/>
    <flow id="hrj_n8__7" begin="420" end="480" from="hrj_n8" number="7" type="type_17"/>
    <flow id="hrj_s4__7" begin="420" end="480" from="hrj_s4" number="7" type="type_17"/>
    <flow id="wjj_n9__7" begin="420" end="480" from="wjj_n9" number="7" type="type_2"/>
    <flow id="wjj_s9__7" begin="420" end="480" from="wjj_s9" number="7" type="type_17"/>
    <flow id="-72631490#0__7" begin="420" end="480" from="-72631490#0" number="7" type="type_7"/>
    <flow id="gsndj_n10__8" begin="480" end="540" from="gsndj_n10" number="10" type="type_12"/>
    <flow id="161701303#5__8" begin="480" end="540" from="161701303#5" number="10" type="type_21"/>
    <flow id="gsndj_s3__8" begin="480" end="540" from="gsndj_s3" number="10" type="type_2"/>
    <flow id="hrj_n8__8" begin="480" end="540" from="hrj_n8" number="7" type="type_17"/>
    <flow id="hrj_s4__8" begin="480" end="540" from="hrj_s4" number="7" type="type_0"/>
    <flow id="wjj_n9__8" begin="480" end="540" from="wjj_n9" number="7" type="type_17"/>
    <flow id="wjj_s9__8" begin="480" end="540" from="wjj_s9" number="7" type="type_2"/>
    <flow id="-72631490#0__8" begin="480" end="540" from="-72631490#0" number="7" type="type_17"/>
    <flow id="gsndj_n10__9" begin="540" end="600" from="gsndj_n10" number="10" type="type_19"/>
    <flow id="161701303#5__9" begin="540" end="600" from="161701303#5" number="10" type="type_17"/>
    <flow id="gsndj_s3__9" begin="540" end="600" from="gsndj_s3" number="10" type="type_17"/>
    <flow id="hrj_n8__9" begin="540" end="600" from="hrj_n8" number="7" type="type_17"/>
    <flow id="hrj_s4__9" begin="540" end="600" from="hrj_s4" number="7" type="type_7"/>
    <flow id="wjj_n9__9" begin="540" end="600" from="wjj_n9" number="7" type="type_17"/>
    <flow id="wjj_s9__9" begin="540" end="600" from="wjj_s9" number="7" type="type_24"/>
    <flow id="-72631490#0__9" begin="540" end="600" from="-72631490#0" number="7" type="type_6"/>
    <flow id="gsndj_n10__10" begin="600" end="660" from="gsndj_n10" number="10" type="type_8"/>
    <flow id="161701303#5__10" begin="600" end="660" from="161701303#5" number="10" type="type_18"/>
    <flow id="gsndj_s3__10" begin="600" end="660" from="gsndj_s3" number="10" type="type_8"/>
    <flow id="hrj_n8__10" begin="600" end="660" from="hrj_n8" number="8" type="type_17"/>
    <flow id="hrj_s4__10" begin="600" end="660" from="hrj_s4" number="8" type="type_16"/>
    <flow id="wjj_n9__10" begin="600" end="660" from="wjj_n9" number="8" type="type_15"/>
    <flow id="wjj_s9__10" begin="600" end="660" from="wjj_s9" number="8" type="type_18"/>
    <flow id="-72631490#0__10" begin="600" end="660" from="-72631490#0" number="8" type="type_17"/>
    <flow id="gsndj_n10__11" begin="660" end="720" from="gsndj_n10" number="11" type="type_17"/>
    <flow id="161701303#5__11" begin="660" end="720" from="161701303#5" number="11" type="type_12"/>
    <flow id="gsndj_s3__11" begin="660" end="720" from="gsndj_s3" number="11" type="type_17"/>
    <flow id="hrj_n8__11" begin="660" end="720" from="hrj_n8" number="8" type="type_15"/>
    <flow id="hrj_s4__11" begin="660" end="720" from="hrj_s4" number="8" type="type_9"/>
    <flow id="wjj_n9__11" begin="660" end="720" from="wjj_n9" number="8" type="type_12"/>
    <flow id="wjj_s9__11" begin="660" end="720" from="wjj_s9" number="8" type="type_7"/>
    <flow id="-72631490#0__11" begin="660" end="720" from="-72631490#0" number="8" type="type_19"/>
    <flow id="gsndj_n10__12" begin="720" end="780" from="gsndj_n10" number="11" type="type_17"/>
    <flow id="161701303#5__12" begin="720" end="780" from="161701303#5" number="11" type="type_2"/>
    <flow id="gsndj_s3__12" begin="720" end="780" from="gsndj_s3" number="11" type="type_17"/>
    <flow id="hrj_n8__12" begin="720" end="780" from="hrj_n8" number="8" type="type_15"/>
    <flow id="hrj_s4__12" begin="720" end="780" from="hrj_s4" number="8" type="type_12"/>
    <flow id="wjj_n9__12" begin="720" end="780" from="wjj_n9" number="8" type="type_16"/>
    <flow id="wjj_s9__12" begin="720" end="780" from="wjj_s9" number="8" type="type_14"/>
    <flow id="-72631490#0__12" begin="720" end="780" from="-72631490#0" number="8" type="type_1"/>
    <flow id="gsndj_n10__13" begin="780" end="840" from="gsndj_n10" number="11" type="type_7"/>
    <flow id="161701303#5__13" begin="780" end="840" from="161701303#5" number="11" type="type_19"/>
    <flow id="gsndj_s3__13" begin="780" end="840" from="gsndj_s3" number="11" type="type_7"/>
    <flow id="hrj_n8__13" begin="780" end="840" from="hrj_n8" number="8" type="type_17"/>
    <flow id="hrj_s4__13" begin="780" end="840" from="hrj_s4" number="8" type="type_15"/>
    <flow id="wjj_n9__13" begin="780" end="840" from="wjj_n9" number="8" type="type_17"/>
    <flow id="wjj_s9__13" begin="780" end="840" from="wjj_s9" number="8" type="type_14"/>
    <flow id="-72631490#0__13" begin="780" end="840" from="-72631490#0" number="8" type="type_19"/>
    <flow id="gsndj_n10__14" begin="840" end="900" from="gsndj_n10" number="11" type="type_2"/>
    <flow id="161701303#5__14" begin="840" end="900" from="161701303#5" number="11" type="type_18"/>
    <flow id="gsndj_s3__14" begin="840" end="900" from="gsndj_s3" number="11" type="type_7"/>
    <flow id="hrj_n8__14" begin="840" end="900" from="hrj_n8" number="8" type="type_15"/>
    <flow id="hrj_s4__14" begin="840" end="900" from="hrj_s4" number="8" type="type_7"/>
    <flow id="wjj_n9__14" begin="840" end="900" from="wjj_n9" number="8" type="type_2"/>
    <flow id="wjj_s9__14" begin="840" end="900" from="wjj_s9" number="8" type="type_17"/>
    <flow id="-72631490#0__14" begin="840" end="900" from="-72631490#0" number="8" type="type_8"/>
    <flow id="gsndj_n10__15" begin="900" end="960" from="gsndj_n10" number="12" type="type_7"/>
    <flow id="161701303#5__15" begin="900" end="960" from="161701303#5" number="12" type="type_14"/>
    <flow id="gsndj_s3__15" begin="900" end="960" from="gsndj_s3" number="12" type="type_4"/>
    <flow id="hrj_n8__15" begin="900" end="960" from="hrj_n8" number="9" type="type_22"/>
    <flow id="hrj_s4__15" begin="900" end="960" from="hrj_s4" number="9" type="type_19"/>
    <flow id="wjj_n9__15" begin="900" end="960" from="wjj_n9" number="9" type="type_12"/>
    <flow id="wjj_s9__15" begin="900" end="960" from="wjj_s9" number="9" type="type_15"/>
    <flow id="-72631490#0__15" begin="900" end="960" from="-72631490#0" number="9" type="type_7"/>
    <flow id="gsndj_n10__16" begin="960" end="1020" from="gsndj_n10" number="12" type="type_14"/>
    <flow id="161701303#5__16" begin="960" end="1020" from="161701303#5" number="12" type="type_17"/>
    <flow id="gsndj_s3__16" begin="960" end="1020" from="gsndj_s3" number="12" type="type_16"/>
    <flow id="hrj_n8__16" begin="960" end="1020" from="hrj_n8" number="9" type="type_19"/>
    <flow id="hrj_s4__16" begin="960" end="1020" from="hrj_s4" number="9" type="type_21"/>
    <flow id="wjj_n9__16" begin="960" end="1020" from="wjj_n9" number="9" type="type_19"/>
    <flow id="wjj_s9__16" begin="960" end="1020" from="wjj_s9" number="9" type="type_5"/>
    <flow id="-72631490#0__16" begin="960" end="1020" from="-72631490#0" number="9" type="type_2"/>
    <flow id="gsndj_n10__17" begin="1020" end="1080" from="gsndj_n10" number="12" type="type_23"/>
    <flow id="161701303#5__17" begin="1020" end="1080" from="161701303#5" number="12" type="type_13"/>
    <flow id="gsndj_s3__17" begin="1020" end="1080" from="gsndj_s3" number="12" type="type_17"/>
    <flow id="hrj_n8__17" begin="1020" end="1080" from="hrj_n8" number="9" type="type_13"/>
    <flow id="hrj_s4__17" begin="1020" end="1080" from="hrj_s4" number="9" type="type_7"/>
    <flow id="wjj_n9__17" begin="1020" end="1080" from="wjj_n9" number="9" type="type_19"/>
    <flow id="wjj_s9__17" begin="1020" end="1080" from="wjj_s9" number="9" type="type_19"/>
    <flow id="-72631490#0__17" begin="1020" end="1080" from="-72631490#0" number="9" type="type_9"/>
    <flow id="gsndj_n10__18" begin="1080" end="1140" from="gsndj_n10" number="12" type="type_7"/>
    <flow id="161701303#5__18" begin="1080" end="1140" from="161701303#5" number="12" type="type_12"/>
    <flow id="gsndj_s3__18" begin="1080" end="1140" from="gsndj_s3" number="12" type="type_23"/>
    <flow id="hrj_n8__18" begin="1080" end="1140" from="hrj_n8" number="9" type="type_16"/>
    <flow id="hrj_s4__18" begin="1080" end="1140" from="hrj_s4" number="9" type="type_21"/>
    <flow id="wjj_n9__18" begin="1080" end="1140" from="wjj_n9" number="9" type="type_12"/>
    <flow id="wjj_s9__18" begin="1080" end="1140" from="wjj_s9" number="9" type="type_7"/>
    <flow id="-72631490#0__18" begin="1080" end="1140" from="-72631490#0" number="9" type="type_2"/>
    <flow id="gsndj_n10__19" begin="1140" end="1200" from="gsndj_n10" number="13" type="type_14"/>
    <flow id="161701303#5__19" begin="1140" end="1200" from="161701303#5" number="13" type="type_3"/>
    <flow id="gsndj_s3__19" begin="1140" end="1200" from="gsndj_s3" number="13" type="type_23"/>
    <flow id="hrj_n8__19" begin="1140" end="1200" from="hrj_n8" number="9" type="type_22"/>
    <flow id="hrj_s4__19" begin="1140" end="1200" from="hrj_s4" number="9" type="type_21"/>
    <flow id="wjj_n9__19" begin="1140" end="1200" from="wjj_n9" number="9" type="type_12"/>
    <flow id="wjj_s9__19" begin="1140" end="1200" from="wjj_s9" number="9" type="type_16"/>
    <flow id="-72631490#0__19" begin="1140" end="1200" from="-72631490#0" number="9" type="type_10"/>
    <flow id="gsndj_n10__20" begin="1200" end="1260" from="gsndj_n10" number="13" type="type_4"/>
    <flow id="161701303#5__20" begin="1200" end="1260" from="161701303#5" number="13" type="type_0"/>
    <flow id="gsndj_s3__20" begin="1200" end="1260" from="gsndj_s3" number="13" type="type_7"/>
    <flow id="hrj_n8__20" begin="1200" end="1260" from="hrj_n8" number="10" type="type_9"/>
    <flow id="hrj_s4__20" begin="1200" end="1260" from="hrj_s4" number="10" type="type_12"/>
    <flow id="wjj_n9__20" begin="1200" end="1260" from="wjj_n9" number="10" type="type_15"/>
    <flow id="wjj_s9__20" begin="1200" end="1260" from="wjj_s9" number="10" type="type_22"/>
    <flow id="-72631490#0__20" begin="1200" end="1260" from="-72631490#0" number="10" type="type_14"/>
    <flow id="gsndj_n10__21" begin="1260" end="1320" from="gsndj_n10" number="13" type="type_7"/>
    <flow id="161701303#5__21" begin="1260" end="1320" from="161701303#5" number="13" type="type_17"/>
    <flow id="gsndj_s3__21" begin="1260" end="1320" from="gsndj_s3" number="13" type="type_2"/>
    <flow id="hrj_n8__21" begin="1260" end="1320" from="hrj_n8" number="10" type="type_7"/>
    <flow id="hrj_s4__21" begin="1260" end="1320" from="hrj_s4" number="10" type="type_22"/>
    <flow id="wjj_n9__21" begin="1260" end="1320" from="wjj_n9" number="10" type="type_19"/>
    <flow id="wjj_s9__21" begin="1260" end="1320" from="wjj_s9" number="10" type="type_11"/>
    <flow id="-72631490#0__21" begin="1260" end="1320" from="-72631490#0" number="10" type="type_17"/>
    <flow id="gsndj_n10__22" begin="1320" end="1380" from="gsndj_n10" number="13" type="type_19"/>
    <flow id="161701303#5__22" begin="1320" end="1380" from="161701303#5" number="13" type="type_15"/>
    <flow id="gsndj_s3__22" begin="1320" end="1380" from="gsndj_s3" number="13" type="type_22"/>
    <flow id="hrj_n8__22" begin="1320" end="1380" from="hrj_n8" number="10" type="type_14"/>
    <flow id="hrj_s4__22" begin="1320" end="1380" from="hrj_s4" number="10" type="type_12"/>
    <flow id="wjj_n9__22" begin="1320" end="1380" from="wjj_n9" number="10" type="type_2"/>
    <flow id="wjj_s9__22" begin="1320" end="1380" from="wjj_s9" number="10" type="type_19"/>
    <flow id="-72631490#0__22" begin="1320" end="1380" from="-72631490#0" number="10" type="type_15"/>
    <flow id="gsndj_n10__23" begin="1380" end="1440" from="gsndj_n10" number="14" type="type_17"/>
    <flow id="161701303#5__23" begin="1380" end="1440" from="161701303#5" number="14" type="type_13"/>
    <flow id="gsndj_s3__23" begin="1380" end="1440" from="gsndj_s3" number="14" type="type_16"/>
    <flow id="hrj_n8__23" begin="1380" end="1440" from="hrj_n8" number="10" type="type_17"/>
    <flow id="hrj_s4__23" begin="1380" end="1440" from="hrj_s4" number="10" type="type_24"/>
    <flow id="wjj_n9__23" begin="1380" end="1440" from="wjj_n9" number="10" type="type_7"/>
    <flow id="wjj_s9__23" begin="1380" end="1440" from="wjj_s9" number="10" type="type_16"/>
    <flow id="-72631490#0__23" begin="1380" end="1440" from="-72631490#0" number="10" type="type_9"/>
    <flow id="gsndj_n10__24" begin="1440" end="1500" from="gsndj_n10" number="14" type="type_19"/>
    <flow id="161701303#5__24" begin="1440" end="1500" from="161701303#5" number="14" type="type_12"/>
    <flow id="gsndj_s3__24" begin="1440" end="1500" from="gsndj_s3" number="14" type="type_5"/>
    <flow id="hrj_n8__24" begin="1440" end="1500" from="hrj_n8" number="10" type="type_7"/>
    <flow id="hrj_s4__24" begin="1440" end="1500" from="hrj_s4" number="10" type="type_17"/>
    <flow id="wjj_n9__24" begin="1440" end="1500" from="wjj_n9" number="10" type="type_17"/>
    <flow id="wjj_s9__24" begin="1440" end="1500" from="wjj_s9" number="10" type="type_8"/>
    <flow id="-72631490#0__24" begin="1440" end="1500" from="-72631490#0" number="10" type="type_17"/>
    <flow id="gsndj_n10__25" begin="1500" end="1560" from="gsndj_n10" number="14" type="type_18"/>
    <flow id="161701303#5__25" begin="1500" end="1560" from="161701303#5" number="14" type="type_2"/>
    <flow id="gsndj_s3__25" begin="1500" end="1560" from="gsndj_s3" number="14" type="type_15"/>
    <flow id="hrj_n8__25" begin="1500" end="1560" from="hrj_n8" number="10" type="type_19"/>
    <flow id="hrj_s4__25" begin="1500" end="1560" from="hrj_s4" number="10" type="type_8"/>
    <flow id="wjj_n9__25" begin="1500" end="1560" from="wjj_n9" number="10" type="type_14"/>
    <flow id="wjj_s9__25" begin="1500" end="1560" from="wjj_s9" number="10" type="type_12"/>
    <flow id="-72631490#0__25" begin="1500" end="1560" from="-72631490#0" number="10" type="type_19"/>
    <flow id="gsndj_n10__26" begin="1560" end="1620" from="gsndj_n10" number="14" type="type_2"/>
    <flow id="161701303#5__26" begin="1560" end="1620" from="161701303#5" number="14" type="type_17"/>
    <flow id="gsndj_s3__26" begin="1560" end="1620" from="gsndj_s3" number="14" type="type_17"/>
    <flow id="hrj_n8__26" begin="1560" end="1620" from="hrj_n8" number="10" type="type_19"/>
    <flow id="hrj_s4__26" begin="1560" end="1620" from="hrj_s4" number="10" type="type_16"/>
    <flow id="wjj_n9__26" begin="1560" end="1620" from="wjj_n9" number="10" type="type_8"/>
    <flow id="wjj_s9__26" begin="1560" end="1620" from="wjj_s9" number="10" type="type_17"/>
    <flow id="-72631490#0__26" begin="1560" end="1620" from="-72631490#0" number="10" type="type_12"/>
    <flow id="gsndj_n10__27" begin="1620" end="1680" from="gsndj_n10" number="14" type="type_12"/>
    <flow id="161701303#5__27" begin="1620" end="1680" from="161701303#5" number="14" type="type_12"/>
    <flow id="gsndj_s3__27" begin="1620" end="1680" from="gsndj_s3" number="14" type="type_17"/>
    <flow id="hrj_n8__27" begin="1620" end="1680" from="hrj_n8" number="11" type="type_17"/>
    <flow id="hrj_s4__27" begin="1620" end="1680" from="hrj_s4" number="11" type="type_19"/>
    <flow id="wjj_n9__27" begin="1620" end="1680" from="wjj_n9" number="11" type="type_19"/>
    <flow id="wjj_s9__27" begin="1620" end="1680" from="wjj_s9" number="11" type="type_24"/>
    <flow id="-72631490#0__27" begin="1620" end="1680" from="-72631490#0" number="11" type="type_12"/>
    <flow id="gsndj_n10__28" begin="1680" end="1740" from="gsndj_n10" number="14" type="type_17"/>
    <flow id="161701303#5__28" begin="1680" end="1740" from="161701303#5" number="14" type="type_12"/>
    <flow id="gsndj_s3__28" begin="1680" end="1740" from="gsndj_s3" number="14" type="type_18"/>
    <flow id="hrj_n8__28" begin="1680" end="1740" from="hrj_n8" number="11" type="type_9"/>
    <flow id="hrj_s4__28" begin="1680" end="1740" from="hrj_s4" number="11" type="type_22"/>
    <flow id="wjj_n9__28" begin="1680" end="1740" from="wjj_n9" number="11" type="type_3"/>
    <flow id="wjj_s9__28" begin="1680" end="1740" from="wjj_s9" number="11" type="type_7"/>
    <flow id="-72631490#0__28" begin="1680" end="1740" from="-72631490#0" number="11" type="type_14"/>
    <flow id="gsndj_n10__29" begin="1740" end="1800" from="gsndj_n10" number="14" type="type_18"/>
    <flow id="161701303#5__29" begin="1740" end="1800" from="161701303#5" number="14" type="type_24"/>
    <flow id="gsndj_s3__29" begin="1740" end="1800" from="gsndj_s3" number="14" type="type_14"/>
    <flow id="hrj_n8__29" begin="1740" end="1800" from="hrj_n8" number="11" type="type_21"/>
    <flow id="hrj_s4__29" begin="1740" end="1800" from="hrj_s4" number="11" type="type_9"/>
    <flow id="wjj_n9__29" begin="1740" end="1800" from="wjj_n9" number="11" type="type_15"/>
    <flow id="wjj_s9__29" begin="1740" end="1800" from="wjj_s9" number="11" type="type_1"/>
    <flow id="-72631490#0__29" begin="1740" end="1800" from="-72631490#0" number="11" type="type_17"/>
    <flow id="gsndj_n10__30" begin="1800" end="1860" from="gsndj_n10" number="15" type="type_12"/>
    <flow id="161701303#5__30" begin="1800" end="1860" from="161701303#5" number="15" type="type_18"/>
    <flow id="gsndj_s3__30" begin="1800" end="1860" from="gsndj_s3" number="15" type="type_7"/>
    <flow id="hrj_n8__30" begin="1800" end="1860" from="hrj_n8" number="11" type="type_23"/>
    <flow id="hrj_s4__30" begin="1800" end="1860" from="hrj_s4" number="11" type="type_8"/>
    <flow id="wjj_n9__30" begin="1800" end="1860" from="wjj_n9" number="11" type="type_17"/>
    <flow id="wjj_s9__30" begin="1800" end="1860" from="wjj_s9" number="11" type="type_7"/>
    <flow id="-72631490#0__30" begin="1800" end="1860" from="-72631490#0" number="11" type="type_5"/>
    <flow id="gsndj_n10__31" begin="1860" end="1920" from="gsndj_n10" number="15" type="type_17"/>
    <flow id="161701303#5__31" begin="1860" end="1920" from="161701303#5" number="15" type="type_16"/>
    <flow id="gsndj_s3__31" begin="1860" end="1920" from="gsndj_s3" number="15" type="type_7"/>
    <flow id="hrj_n8__31" begin="1860" end="1920" from="hrj_n8" number="11" type="type_17"/>
    <flow id="hrj_s4__31" begin="1860" end="1920" from="hrj_s4" number="11" type="type_17"/>
    <flow id="wjj_n9__31" begin="1860" end="1920" from="wjj_n9" number="11" type="type_7"/>
    <flow id="wjj_s9__31" begin="1860" end="1920" from="wjj_s9" number="11" type="type_12"/>
    <flow id="-72631490#0__31" begin="1860" end="1920" from="-72631490#0" number="11" type="type_10"/>
    <flow id="gsndj_n10__32" begin="1920" end="1980" from="gsndj_n10" number="15" type="type_7"/>
    <flow id="161701303#5__32" begin="1920" end="1980" from="161701303#5" number="15" type="type_19"/>
    <flow id="gsndj_s3__32" begin="1920" end="1980" from="gsndj_s3" number="15" type="type_17"/>
    <flow id="hrj_n8__32" begin="1920" end="1980" from="hrj_n8" number="11" type="type_7"/>
    <flow id="hrj_s4__32" begin="1920" end="1980" from="hrj_s4" number="11" type="type_17"/>
    <flow id="wjj_n9__32" begin="1920" end="1980" from="wjj_n9" number="11" type="type_12"/>
    <flow id="wjj_s9__32" begin="1920" end="1980" from="wjj_s9" number="11" type="type_14"/>
    <flow id="-72631490#0__32" begin="1920" end="1980" from="-72631490#0" number="11" type="type_18"/>
    <flow id="gsndj_n10__33" begin="1980" end="2040" from="gsndj_n10" number="15" type="type_7"/>
    <flow id="161701303#5__33" begin="1980" end="2040" from="161701303#5" number="15" type="type_17"/>
    <flow id="gsndj_s3__33" begin="1980" end="2040" from="gsndj_s3" number="15" type="type_3"/>
    <flow id="hrj_n8__33" begin="1980" end="2040" from="hrj_n8" number="11" type="type_17"/>
    <flow id="hrj_s4__33" begin="1980" end="2040" from="hrj_s4" number="11" type="type_14"/>
    <flow id="wjj_n9__33" begin="1980" end="2040" from="wjj_n9" number="11" type="type_12"/>
    <flow id="wjj_s9__33" begin="1980" end="2040" from="wjj_s9" number="11" type="type_12"/>
    <flow id="-72631490#0__33" begin="1980" end="2040" from="-72631490#0" number="11" type="type_7"/>
    <flow id="gsndj_n10__34" begin="2040" end="2100" from="gsndj_n10" number="15" type="type_17"/>
    <flow id="161701303#5__34" begin="2040" end="2100" from="161701303#5" number="15" type="type_18"/>
    <flow id="gsndj_s3__34" begin="2040" end="2100" from="gsndj_s3" number="15" type="type_17"/>
    <flow id="hrj_n8__34" begin="2040" end="2100" from="hrj_n8" number="11" type="type_17"/>
    <flow id="hrj_s4__34" begin="2040" end="2100" from="hrj_s4" number="11" type="type_17"/>
    <flow id="wjj_n9__34" begin="2040" end="2100" from="wjj_n9" number="11" type="type_17"/>
    <flow id="wjj_s9__34" begin="2040" end="2100" from="wjj_s9" number="11" type="type_17"/>
    <flow id="-72631490#0__34" begin="2040" end="2100" from="-72631490#0" number="11" type="type_7"/>
    <flow id="gsndj_n10__35" begin="2100" end="2160" from="gsndj_n10" number="15" type="type_4"/>
    <flow id="161701303#5__35" begin="2100" end="2160" from="161701303#5" number="15" type="type_19"/>
    <flow id="gsndj_s3__35" begin="2100" end="2160" from="gsndj_s3" number="15" type="type_18"/>
    <flow id="hrj_n8__35" begin="2100" end="2160" from="hrj_n8" number="11" type="type_7"/>
    <flow id="hrj_s4__35" begin="2100" end="2160" from="hrj_s4" number="11" type="type_9"/>
    <flow id="wjj_n9__35" begin="2100" end="2160" from="wjj_n9" number="11" type="type_18"/>
    <flow id="wjj_s9__35" begin="2100" end="2160" from="wjj_s9" number="11" type="type_12"/>
    <flow id="-72631490#0__35" begin="2100" end="2160" from="-72631490#0" number="11" type="type_17"/>
    <flow id="gsndj_n10__36" begin="2160" end="2220" from="gsndj_n10" number="15" type="type_5"/>
    <flow id="161701303#5__36" begin="2160" end="2220" from="161701303#5" number="15" type="type_7"/>
    <flow id="gsndj_s3__36" begin="2160" end="2220" from="gsndj_s3" number="15" type="type_19"/>
    <flow id="hrj_n8__36" begin="2160" end="2220" from="hrj_n8" number="11" type="type_17"/>
    <flow id="hrj_s4__36" begin="2160" end="2220" from="hrj_s4" number="11" type="type_7"/>
    <flow id="wjj_n9__36" begin="2160" end="2220" from="wjj_n9" number="11" type="type_5"/>
    <flow id="wjj_s9__36" begin="2160" end="2220" from="wjj_s9" number="11" type="type_12"/>
    <flow id="-72631490#0__36" begin="2160" end="2220" from="-72631490#0" number="11" type="type_17"/>
    <flow id="gsndj_n10__37" begin="2220" end="2280" from="gsndj_n10" number="15" type="type_2"/>
    <flow id="161701303#5__37" begin="2220" end="2280" from="161701303#5" number="15" type="type_17"/>
    <flow id="gsndj_s3__37" begin="2220" end="2280" from="gsndj_s3" number="15" type="type_16"/>
    <flow id="hrj_n8__37" begin="2220" end="2280" from="hrj_n8" number="11" type="type_17"/>
    <flow id="hrj_s4__37" begin="2220" end="2280" from="hrj_s4" number="11" type="type_2"/>
    <flow id="wjj_n9__37" begin="2220" end="2280" from="wjj_n9" number="11" type="type_8"/>
    <flow id="wjj_s9__37" begin="2220" end="2280" from="wjj_s9" number="11" type="type_9"/>
    <flow id="-72631490#0__37" begin="2220" end="2280" from="-72631490#0" number="11" type="type_17"/>
    <flow id="gsndj_n10__38" begin="2280" end="2340" from="gsndj_n10" number="15" type="type_3"/>
    <flow id="161701303#5__38" begin="2280" end="2340" from="161701303#5" number="15" type="type_4"/>
    <flow id="gsndj_s3__38" begin="2280" end="2340" from="gsndj_s3" number="15" type="type_2"/>
    <flow id="hrj_n8__38" begin="2280" end="2340" from="hrj_n8" number="11" type="type_7"/>
    <flow id="hrj_s4__38" begin="2280" end="2340" from="hrj_s4" number="11" type="type_20"/>
    <flow id="wjj_n9__38" begin="2280" end="2340" from="wjj_n9" number="11" type="type_22"/>
    <flow id="wjj_s9__38" begin="2280" end="2340" from="wjj_s9" number="11" type="type_17"/>
    <flow id="-72631490#0__38" begin="2280" end="2340" from="-72631490#0" number="11" type="type_22"/>
    <flow id="gsndj_n10__39" begin="2340" end="2400" from="gsndj_n10" number="15" type="type_12"/>
    <flow id="161701303#5__39" begin="2340" end="2400" from="161701303#5" number="15" type="type_11"/>
    <flow id="gsndj_s3__39" begin="2340" end="2400" from="gsndj_s3" number="15" type="type_12"/>
    <flow id="hrj_n8__39" begin="2340" end="2400" from="hrj_n8" number="11" type="type_7"/>
    <flow id="hrj_s4__39" begin="2340" end="2400" from="hrj_s4" number="11" type="type_17"/>
    <flow id="wjj_n9__39" begin="2340" end="2400" from="wjj_n9" number="11" type="type_0"/>
    <flow id="wjj_s9__39" begin="2340" end="2400" from="wjj_s9" number="11" type="type_7"/>
    <flow id="-72631490#0__39" begin="2340" end="2400" from="-72631490#0" number="11" type="type_17"/>
    <flow id="gsndj_n10__40" begin="2400" end="2460" from="gsndj_n10" number="15" type="type_22"/>
    <flow id="161701303#5__40" begin="2400" end="2460" from="161701303#5" number="15" type="type_2"/>
    <flow id="gsndj_s3__40" begin="2400" end="2460" from="gsndj_s3" number="15" type="type_2"/>
    <flow id="hrj_n8__40" begin="2400" end="2460" from="hrj_n8" number="11" type="type_13"/>
    <flow id="hrj_s4__40" begin="2400" end="2460" from="hrj_s4" number="11" type="type_7"/>
    <flow id="wjj_n9__40" begin="2400" end="2460" from="wjj_n9" number="11" type="type_4"/>
    <flow id="wjj_s9__40" begin="2400" end="2460" from="wjj_s9" number="11" type="type_14"/>
    <flow id="-72631490#0__40" begin="2400" end="2460" from="-72631490#0" number="11" type="type_17"/>
    <flow id="gsndj_n10__41" begin="2460" end="2520" from="gsndj_n10" number="15" type="type_9"/>
    <flow id="161701303#5__41" begin="2460" end="2520" from="161701303#5" number="15" type="type_4"/>
    <flow id="gsndj_s3__41" begin="2460" end="2520" from="gsndj_s3" number="15" type="type_19"/>
    <flow id="hrj_n8__41" begin="2460" end="2520" from="hrj_n8" number="11" type="type_20"/>
    <flow id="hrj_s4__41" begin="2460" end="2520" from="hrj_s4" number="11" type="type_6"/>
    <flow id="wjj_n9__41" begin="2460" end="2520" from="wjj_n9" number="11" type="type_17"/>
    <flow id="wjj_s9__41" begin="2460" end="2520" from="wjj_s9" number="11" type="type_18"/>
    <flow id="-72631490#0__41" begin="2460" end="2520" from="-72631490#0" number="11" type="type_19"/>
    <flow id="gsndj_n10__42" begin="2520" end="2580" from="gsndj_n10" number="15" type="type_17"/>
    <flow id="161701303#5__42" begin="2520" end="2580" from="161701303#5" number="15" type="type_17"/>
    <flow id="gsndj_s3__42" begin="2520" end="2580" from="gsndj_s3" number="15" type="type_19"/>
    <flow id="hrj_n8__42" begin="2520" end="2580" from="hrj_n8" number="11" type="type_12"/>
    <flow id="hrj_s4__42" begin="2520" end="2580" from="hrj_s4" number="11" type="type_12"/>
    <flow id="wjj_n9__42" begin="2520" end="2580" from="wjj_n9" number="11" type="type_17"/>
    <flow id="wjj_s9__42" begin="2520" end="2580" from="wjj_s9" number="11" type="type_22"/>
    <flow id="-72631490#0__42" begin="2520" end="2580" from="-72631490#0" number="11" type="type_8"/>
    <flow id="gsndj_n10__43" begin="2580" end="2640" from="gsndj_n10" number="15" type="type_19"/>
    <flow id="161701303#5__43" begin="2580" end="2640" from="161701303#5" number="15" type="type_13"/>
    <flow id="gsndj_s3__43" begin="2580" end="2640" from="gsndj_s3" number="15" type="type_15"/>
    <flow id="hrj_n8__43" begin="2580" end="2640" from="hrj_n8" number="11" type="type_13"/>
    <flow id="hrj_s4__43" begin="2580" end="2640" from="hrj_s4" number="11" type="type_4"/>
    <flow id="wjj_n9__43" begin="2580" end="2640" from="wjj_n9" number="11" type="type_17"/>
    <flow id="wjj_s9__43" begin="2580" end="2640" from="wjj_s9" number="11" type="type_19"/>
    <flow id="-72631490#0__43" begin="2580" end="2640" from="-72631490#0" number="11" type="type_19"/>
    <flow id="gsndj_n10__44" begin="2640" end="2700" from="gsndj_n10" number="15" type="type_17"/>
    <flow id="161701303#5__44" begin="2640" end="2700" from="161701303#5" number="15" type="type_12"/>
    <flow id="gsndj_s3__44" begin="2640" end="2700" from="gsndj_s3" number="15" type="type_7"/>
    <flow id="hrj_n8__44" begin="2640" end="2700" from="hrj_n8" number="11" type="type_17"/>
    <flow id="hrj_s4__44" begin="2640" end="2700" from="hrj_s4" number="11" type="type_17"/>
    <flow id="wjj_n9__44" begin="2640" end="2700" from="wjj_n9" number="11" type="type_17"/>
    <flow id="wjj_s9__44" begin="2640" end="2700" from="wjj_s9" number="11" type="type_7"/>
    <flow id="-72631490#0__44" begin="2640" end="2700" from="-72631490#0" number="11" type="type_12"/>
    <flow id="gsndj_n10__45" begin="2700" end="2760" from="gsndj_n10" number="15" type="type_7"/>
    <flow id="161701303#5__45" begin="2700" end="2760" from="161701303#5" number="15" type="type_1"/>
    <flow id="gsndj_s3__45" begin="2700" end="2760" from="gsndj_s3" number="15" type="type_10"/>
    <flow id="hrj_n8__45" begin="2700" end="2760" from="hrj_n8" number="11" type="type_19"/>
    <flow id="hrj_s4__45" begin="2700" end="2760" from="hrj_s4" number="11" type="type_17"/>
    <flow id="wjj_n9__45" begin="2700" end="2760" from="wjj_n9" number="11" type="type_14"/>
    <flow id="wjj_s9__45" begin="2700" end="2760" from="wjj_s9" number="11" type="type_17"/>
    <flow id="-72631490#0__45" begin="2700" end="2760" from="-72631490#0" number="11" type="type_18"/>
    <flow id="gsndj_n10__46" begin="2760" end="2820" from="gsndj_n10" number="15" type="type_19"/>
    <flow id="161701303#5__46" begin="2760" end="2820" from="161701303#5" number="15" type="type_5"/>
    <flow id="gsndj_s3__46" begin="2760" end="2820" from="gsndj_s3" number="15" type="type_17"/>
    <flow id="hrj_n8__46" begin="2760" end="2820" from="hrj_n8" number="11" type="type_19"/>
    <flow id="hrj_s4__46" begin="2760" end="2820" from="hrj_s4" number="11" type="type_12"/>
    <flow id="wjj_n9__46" begin="2760" end="2820" from="wjj_n9" number="11" type="type_19"/>
    <flow id="wjj_s9__46" begin="2760" end="2820" from="wjj_s9" number="11" type="type_7"/>
    <flow id="-72631490#0__46" begin="2760" end="2820" from="-72631490#0" number="11" type="type_16"/>
    <flow id="gsndj_n10__47" begin="2820" end="2880" from="gsndj_n10" number="15" type="type_7"/>
    <flow id="161701303#5__47" begin="2820" end="2880" from="161701303#5" number="15" type="type_17"/>
    <flow id="gsndj_s3__47" begin="2820" end="2880" from="gsndj_s3" number="15" type="type_17"/>
    <flow id="hrj_n8__47" begin="2820" end="2880" from="hrj_n8" number="11" type="type_15"/>
    <flow id="hrj_s4__47" begin="2820" end="2880" from="hrj_s4" number="11" type="type_7"/>
    <flow id="wjj_n9__47" begin="2820" end="2880" from="wjj_n9" number="11" type="type_17"/>
    <flow id="wjj_s9__47" begin="2820" end="2880" from="wjj_s9" number="11" type="type_7"/>
    <flow id="-72631490#0__47" begin="2820" end="2880" from="-72631490#0" number="11" type="type_17"/>
    <flow id="gsndj_n10__48" begin="2880" end="2940" from="gsndj_n10" number="15" type="type_4"/>
    <flow id="161701303#5__48" begin="2880" end="2940" from="161701303#5" number="15" type="type_18"/>
    <flow id="gsndj_s3__48" begin="2880" end="2940" from="gsndj_s3" number="15" type="type_9"/>
    <flow id="hrj_n8__48" begin="2880" end="2940" from="hrj_n8" number="11" type="type_17"/>
    <flow id="hrj_s4__48" begin="2880" end="2940" from="hrj_s4" number="11" type="type_12"/>
    <flow id="wjj_n9__48" begin="2880" end="2940" from="wjj_n9" number="11" type="type_11"/>
    <flow id="wjj_s9__48" begin="2880" end="2940" from="wjj_s9" number="11" type="type_11"/>
    <flow id="-72631490#0__48" begin="2880" end="2940" from="-72631490#0" number="11" type="type_2"/>
    <flow id="gsndj_n10__49" begin="2940" end="3000" from="gsndj_n10" number="15" type="type_17"/>
    <flow id="161701303#5__49" begin="2940" end="3000" from="161701303#5" number="15" type="type_17"/>
    <flow id="gsndj_s3__49" begin="2940" end="3000" from="gsndj_s3" number="15" type="type_17"/>
    <flow id="hrj_n8__49" begin="2940" end="3000" from="hrj_n8" number="11" type="type_5"/>
    <flow id="hrj_s4__49" begin="2940" end="3000" from="hrj_s4" number="11" type="type_16"/>
    <flow id="wjj_n9__49" begin="2940" end="3000" from="wjj_n9" number="11" type="type_17"/>
    <flow id="wjj_s9__49" begin="2940" end="3000" from="wjj_s9" number="11" type="type_2"/>
    <flow id="-72631490#0__49" begin="2940" end="3000" from="-72631490#0" number="11" type="type_7"/>
    <flow id="gsndj_n10__50" begin="3000" end="3060" from="gsndj_n10" number="14" type="type_7"/>
    <flow id="161701303#5__50" begin="3000" end="3060" from="161701303#5" number="14" type="type_4"/>
    <flow id="gsndj_s3__50" begin="3000" end="3060" from="gsndj_s3" number="14" type="type_15"/>
    <flow id="hrj_n8__50" begin="3000" end="3060" from="hrj_n8" number="11" type="type_6"/>
    <flow id="hrj_s4__50" begin="3000" end="3060" from="hrj_s4" number="11" type="type_19"/>
    <flow id="wjj_n9__50" begin="3000" end="3060" from="wjj_n9" number="11" type="type_16"/>
    <flow id="wjj_s9__50" begin="3000" end="3060" from="wjj_s9" number="11" type="type_22"/>
    <flow id="-72631490#0__50" begin="3000" end="3060" from="-72631490#0" number="11" type="type_13"/>
    <flow id="gsndj_n10__51" begin="3060" end="3120" from="gsndj_n10" number="14" type="type_19"/>
    <flow id="161701303#5__51" begin="3060" end="3120" from="161701303#5" number="14" type="type_14"/>
    <flow id="gsndj_s3__51" begin="3060" end="3120" from="gsndj_s3" number="14" type="type_17"/>
    <flow id="hrj_n8__51" begin="3060" end="3120" from="hrj_n8" number="11" type="type_2"/>
    <flow id="hrj_s4__51" begin="3060" end="3120" from="hrj_s4" number="11" type="type_6"/>
    <flow id="wjj_n9__51" begin="3060" end="3120" from="wjj_n9" number="11" type="type_20"/>
    <flow id="wjj_s9__51" begin="3060" end="3120" from="wjj_s9" number="11" type="type_16"/>
    <flow id="-72631490#0__51" begin="3060" end="3120" from="-72631490#0" number="11" type="type_7"/>
    <flow id="gsndj_n10__52" begin="3120" end="3180" from="gsndj_n10" number="14" type="type_17"/>
    <flow id="161701303#5__52" begin="3120" end="3180" from="161701303#5" number="14" type="type_14"/>
    <flow id="gsndj_s3__52" begin="3120" end="3180" from="gsndj_s3" number="14" type="type_14"/>
    <flow id="hrj_n8__52" begin="3120" end="3180" from="hrj_n8" number="11" type="type_7"/>
    <flow id="hrj_s4__52" begin="3120" end="3180" from="hrj_s4" number="11" type="type_12"/>
    <flow id="wjj_n9__52" begin="3120" end="3180" from="wjj_n9" number="11" type="type_12"/>
    <flow id="wjj_s9__52" begin="3120" end="3180" from="wjj_s9" number="11" type="type_21"/>
    <flow id="-72631490#0__52" begin="3120" end="3180" from="-72631490#0" number="11" type="type_0"/>
    <flow id="gsndj_n10__53" begin="3180" end="3240" from="gsndj_n10" number="14" type="type_14"/>
    <flow id="161701303#5__53" begin="3180" end="3240" from="161701303#5" number="14" type="type_9"/>
    <flow id="gsndj_s3__53" begin="3180" end="3240" from="gsndj_s3" number="14" type="type_12"/>
    <flow id="hrj_n8__53" begin="3180" end="3240" from="hrj_n8" number="10" type="type_17"/>
    <flow id="hrj_s4__53" begin="3180" end="3240" from="hrj_s4" number="10" type="type_17"/>
    <flow id="wjj_n9__53" begin="3180" end="3240" from="wjj_n9" number="10" type="type_19"/>
    <flow id="wjj_s9__53" begin="3180" end="3240" from="wjj_s9" number="10" type="type_2"/>
    <flow id="-72631490#0__53" begin="3180" end="3240" from="-72631490#0" number="10" type="type_10"/>
    <flow id="gsndj_n10__54" begin="3240" end="3300" from="gsndj_n10" number="14" type="type_19"/>
    <flow id="161701303#5__54" begin="3240" end="3300" from="161701303#5" number="14" type="type_17"/>
    <flow id="gsndj_s3__54" begin="3240" end="3300" from="gsndj_s3" number="14" type="type_24"/>
    <flow id="hrj_n8__54" begin="3240" end="3300" from="hrj_n8" number="10" type="type_18"/>
    <flow id="hrj_s4__54" begin="3240" end="3300" from="hrj_s4" number="10" type="type_17"/>
    <flow id="wjj_n9__54" begin="3240" end="3300" from="wjj_n9" number="10" type="type_22"/>
    <flow id="wjj_s9__54" begin="3240" end="3300" from="wjj_s9" number="10" type="type_14"/>
    <flow id="-72631490#0__54" begin="3240" end="3300" from="-72631490#0" number="10" type="type_17"/>
    <flow id="gsndj_n10__55" begin="3300" end="3360" from="gsndj_n10" number="14" type="type_17"/>
    <flow id="161701303#5__55" begin="3300" end="3360" from="161701303#5" number="14" type="type_9"/>
    <flow id="gsndj_s3__55" begin="3300" end="3360" from="gsndj_s3" number="14" type="type_17"/>
    <flow id="hrj_n8__55" begin="3300" end="3360" from="hrj_n8" number="10" type="type_19"/>
    <flow id="hrj_s4__55" begin="3300" end="3360" from="hrj_s4" number="10" type="type_19"/>
    <flow id="wjj_n9__55" begin="3300" end="3360" from="wjj_n9" number="10" type="type_17"/>
    <flow id="wjj_s9__55" begin="3300" end="3360" from="wjj_s9" number="10" type="type_11"/>
    <flow id="-72631490#0__55" begin="3300" end="3360" from="-72631490#0" number="10" type="type_11"/>
    <flow id="gsndj_n10__56" begin="3360" end="3420" from="gsndj_n10" number="14" type="type_8"/>
    <flow id="161701303#5__56" begin="3360" end="3420" from="161701303#5" number="14" type="type_19"/>
    <flow id="gsndj_s3__56" begin="3360" end="3420" from="gsndj_s3" number="14" type="type_11"/>
    <flow id="hrj_n8__56" begin="3360" end="3420" from="hrj_n8" number="10" type="type_3"/>
    <flow id="hrj_s4__56" begin="3360" end="3420" from="hrj_s4" number="10" type="type_17"/>
    <flow id="wjj_n9__56" begin="3360" end="3420" from="wjj_n9" number="10" type="type_17"/>
    <flow id="wjj_s9__56" begin="3360" end="3420" from="wjj_s9" number="10" type="type_7"/>
    <flow id="-72631490#0__56" begin="3360" end="3420" from="-72631490#0" number="10" type="type_7"/>
    <flow id="gsndj_n10__57" begin="3420" end="3480" from="gsndj_n10" number="13" type="type_12"/>
    <flow id="161701303#5__57" begin="3420" end="3480" from="161701303#5" number="13" type="type_22"/>
    <flow id="gsndj_s3__57" begin="3420" end="3480" from="gsndj_s3" number="13" type="type_7"/>
    <flow id="hrj_n8__57" begin="3420" end="3480" from="hrj_n8" number="10" type="type_6"/>
    <flow id="hrj_s4__57" begin="3420" end="3480" from="hrj_s4" number="10" type="type_17"/>
    <flow id="wjj_n9__57" begin="3420" end="3480" from="wjj_n9" number="10" type="type_12"/>
    <flow id="wjj_s9__57" begin="3420" end="3480" from="wjj_s9" number="10" type="type_12"/>
    <flow id="-72631490#0__57" begin="3420" end="3480" from="-72631490#0" number="10" type="type_7"/>
    <flow id="gsndj_n10__58" begin="3480" end="3540" from="gsndj_n10" number="13" type="type_4"/>
    <flow id="161701303#5__58" begin="3480" end="3540" from="161701303#5" number="13" type="type_12"/>
    <flow id="gsndj_s3__58" begin="3480" end="3540" from="gsndj_s3" number="13" type="type_7"/>
    <flow id="hrj_n8__58" begin="3480" end="3540" from="hrj_n8" number="10" type="type_5"/>
    <flow id="hrj_s4__58" begin="3480" end="3540" from="hrj_s4" number="10" type="type_12"/>
    <flow id="wjj_n9__58" begin="3480" end="3540" from="wjj_n9" number="10" type="type_16"/>
    <flow id="wjj_s9__58" begin="3480" end="3540" from="wjj_s9" number="10" type="type_20"/>
    <flow id="-72631490#0__58" begin="3480" end="3540" from="-72631490#0" number="10" type="type_7"/>
    <flow id="gsndj_n10__59" begin="3540" end="3600" from="gsndj_n10" number="13" type="type_19"/>
    <flow id="161701303#5__59" begin="3540" end="3600" from="161701303#5" number="13" type="type_18"/>
    <flow id="gsndj_s3__59" begin="3540" end="3600" from="gsndj_s3" number="13" type="type_15"/>
    <flow id="hrj_n8__59" begin="3540" end="3600" from="hrj_n8" number="10" type="type_17"/>
    <flow id="hrj_s4__59" begin="3540" end="3600" from="hrj_s4" number="10" type="type_19"/>
    <flow id="wjj_n9__59" begin="3540" end="3600" from="wjj_n9" number="10" type="type_19"/>
    <flow id="wjj_s9__59" begin="3540" end="3600" from="wjj_s9" number="10" type="type_19"/>
    <flow id="-72631490#0__59" begin="3540" end="3600" from="-72631490#0" number="10" type="type_17"/>
    <flow id="gsndj_n10__60" begin="3600" end="3660" from="gsndj_n10" number="13" type="type_24"/>
    <flow id="161701303#5__60" begin="3600" end="3660" from="161701303#5" number="13" type="type_9"/>
    <flow id="gsndj_s3__60" begin="3600" end="3660" from="gsndj_s3" number="13" type="type_6"/>
    <flow id="hrj_n8__60" begin="3600" end="3660" from="hrj_n8" number="10" type="type_18"/>
    <flow id="hrj_s4__60" begin="3600" end="3660" from="hrj_s4" number="10" type="type_16"/>
    <flow id="wjj_n9__60" begin="3600" end="3660" from="wjj_n9" number="10" type="type_17"/>
    <flow id="wjj_s9__60" begin="3600" end="3660" from="wjj_s9" number="10" type="type_17"/>
    <flow id="-72631490#0__60" begin="3600" end="3660" from="-72631490#0" number="10" type="type_7"/>
    <flow id="gsndj_n10__61" begin="3660" end="3720" from="gsndj_n10" number="13" type="type_17"/>
    <flow id="161701303#5__61" begin="3660" end="3720" from="161701303#5" number="13" type="type_2"/>
    <flow id="gsndj_s3__61" begin="3660" end="3720" from="gsndj_s3" number="13" type="type_9"/>
    <flow id="hrj_n8__61" begin="3660" end="3720" from="hrj_n8" number="10" type="type_14"/>
    <flow id="hrj_s4__61" begin="3660" end="3720" from="hrj_s4" number="10" type="type_14"/>
    <flow id="wjj_n9__61" begin="3660" end="3720" from="wjj_n9" number="10" type="type_1"/>
    <flow id="wjj_s9__61" begin="3660" end="3720" from="wjj_s9" number="10" type="type_9"/>
    <flow id="-72631490#0__61" begin="3660" end="3720" from="-72631490#0" number="10" type="type_17"/>
    <flow id="gsndj_n10__62" begin="3720" end="3780" from="gsndj_n10" number="13" type="type_22"/>
    <flow id="161701303#5__62" begin="3720" end="3780" from="161701303#5" number="13" type="type_24"/>
    <flow id="gsndj_s3__62" begin="3720" end="3780" from="gsndj_s3" number="13" type="type_4"/>
    <flow id="hrj_n8__62" begin="3720" end="3780" from="hrj_n8" number="10" type="type_11"/>
    <flow id="hrj_s4__62" begin="3720" end="3780" from="hrj_s4" number="10" type="type_3"/>
    <flow id="wjj_n9__62" begin="3720" end="3780" from="wjj_n9" number="10" type="type_19"/>
    <flow id="wjj_s9__62" begin="3720" end="3780" from="wjj_s9" number="10" type="type_12"/>
    <flow id="-72631490#0__62" begin="3720" end="3780" from="-72631490#0" number="10" type="type_18"/>
    <flow id="gsndj_n10__63" begin="3780" end="3840" from="gsndj_n10" number="13" type="type_19"/>
    <flow id="161701303#5__63" begin="3780" end="3840" from="161701303#5" number="13" type="type_21"/>
    <flow id="gsndj_s3__63" begin="3780" end="3840" from="gsndj_s3" number="13" type="type_9"/>
    <flow id="hrj_n8__63" begin="3780" end="3840" from="hrj_n8" number="10" type="type_22"/>
    <flow id="hrj_s4__63" begin="3780" end="3840" from="hrj_s4" number="10" type="type_16"/>
    <flow id="wjj_n9__63" begin="3780" end="3840" from="wjj_n9" number="10" type="type_7"/>
    <flow id="wjj_s9__63" begin="3780" end="3840" from="wjj_s9" number="10" type="type_17"/>
    <flow id="-72631490#0__63" begin="3780" end="3840" from="-72631490#0" number="10" type="type_12"/>
    <flow id="gsndj_n10__64" begin="3840" end="3900" from="gsndj_n10" number="13" type="type_13"/>
    <flow id="161701303#5__64" begin="3840" end="3900" from="161701303#5" number="13" type="type_12"/>
    <flow id="gsndj_s3__64" begin="3840" end="3900" from="gsndj_s3" number="13" type="type_2"/>
    <flow id="hrj_n8__64" begin="3840" end="3900" from="hrj_n8" number="10" type="type_11"/>
    <flow id="hrj_s4__64" begin="3840" end="3900" from="hrj_s4" number="10" type="type_18"/>
    <flow id="wjj_n9__64" begin="3840" end="3900" from="wjj_n9" number="10" type="type_17"/>
    <flow id="wjj_s9__64" begin="3840" end="3900" from="wjj_s9" number="10" type="type_6"/>
    <flow id="-72631490#0__64" begin="3840" end="3900" from="-72631490#0" number="10" type="type_19"/>
    <flow id="gsndj_n10__65" begin="3900" end="3960" from="gsndj_n10" number="13" type="type_18"/>
    <flow id="161701303#5__65" begin="3900" end="3960" from="161701303#5" number="13" type="type_17"/>
    <flow id="gsndj_s3__65" begin="3900" end="3960" from="gsndj_s3" number="13" type="type_1"/>
    <flow id="hrj_n8__65" begin="3900" end="3960" from="hrj_n8" number="10" type="type_12"/>
    <flow id="hrj_s4__65" begin="3900" end="3960" from="hrj_s4" number="10" type="type_17"/>
    <flow id="wjj_n9__65" begin="3900" end="3960" from="wjj_n9" number="10" type="type_12"/>
    <flow id="wjj_s9__65" begin="3900" end="3960" from="wjj_s9" number="10" type="type_12"/>
    <flow id="-72631490#0__65" begin="3900" end="3960" from="-72631490#0" number="10" type="type_19"/>
    <flow id="gsndj_n10__66" begin="3960" end="4020" from="gsndj_n10" number="13" type="type_19"/>
    <flow id="161701303#5__66" begin="3960" end="4020" from="161701303#5" number="13" type="type_1"/>
    <flow id="gsndj_s3__66" begin="3960" end="4020" from="gsndj_s3" number="13" type="type_12"/>
    <flow id="hrj_n8__66" begin="3960" end="4020" from="hrj_n8" number="10" type="type_12"/>
    <flow id="hrj_s4__66" begin="3960" end="4020" from="hrj_s4" number="10" type="type_8"/>
    <flow id="wjj_n9__66" begin="3960" end="4020" from="wjj_n9" number="10" type="type_16"/>
    <flow id="wjj_s9__66" begin="3960" end="4020" from="wjj_s9" number="10" type="type_9"/>
    <flow id="-72631490#0__66" begin="3960" end="4020" from="-72631490#0" number="10" type="type_15"/>
    <flow id="gsndj_n10__67" begin="4020" end="4080" from="gsndj_n10" number="13" type="type_17"/>
    <flow id="161701303#5__67" begin="4020" end="4080" from="161701303#5" number="13" type="type_17"/>
    <flow id="gsndj_s3__67" begin="4020" end="4080" from="gsndj_s3" number="13" type="type_17"/>
    <flow id="hrj_n8__67" begin="4020" end="4080" from="hrj_n8" number="10" type="type_17"/>
    <flow id="hrj_s4__67" begin="4020" end="4080" from="hrj_s4" number="10" type="type_16"/>
    <flow id="wjj_n9__67" begin="4020" end="4080" from="wjj_n9" number="10" type="type_24"/>
    <flow id="wjj_s9__67" begin="4020" end="4080" from="wjj_s9" number="10" type="type_4"/>
    <flow id="-72631490#0__67" begin="4020" end="4080" from="-72631490#0" number="10" type="type_22"/>
    <flow id="gsndj_n10__68" begin="4080" end="4140" from="gsndj_n10" number="13" type="type_18"/>
    <flow id="161701303#5__68" begin="4080" end="4140" from="161701303#5" number="13" type="type_19"/>
    <flow id="gsndj_s3__68" begin="4080" end="4140" from="gsndj_s3" number="13" type="type_17"/>
    <flow id="hrj_n8__68" begin="4080" end="4140" from="hrj_n8" number="10" type="type_7"/>
    <flow id="hrj_s4__68" begin="4080" end="4140" from="hrj_s4" number="10" type="type_16"/>
    <flow id="wjj_n9__68" begin="4080" end="4140" from="wjj_n9" number="10" type="type_9"/>
    <flow id="wjj_s9__68" begin="4080" end="4140" from="wjj_s9" number="10" type="type_12"/>
    <flow id="-72631490#0__68" begin="4080" end="4140" from="-72631490#0" number="10" type="type_2"/>
    <flow id="gsndj_n10__69" begin="4140" end="4200" from="gsndj_n10" number="13" type="type_12"/>
    <flow id="161701303#5__69" begin="4140" end="4200" from="161701303#5" number="13" type="type_12"/>
    <flow id="gsndj_s3__69" begin="4140" end="4200" from="gsndj_s3" number="13" type="type_7"/>
    <flow id="hrj_n8__69" begin="4140" end="4200" from="hrj_n8" number="10" type="type_17"/>
    <flow id="hrj_s4__69" begin="4140" end="4200" from="hrj_s4" number="10" type="type_8"/>
    <flow id="wjj_n9__69" begin="4140" end="4200" from="wjj_n9" number="10" type="type_5"/>
    <flow id="wjj_s9__69" begin="4140" end="4200" from="wjj_s9" number="10" type="type_12"/>
    <flow id="-72631490#0__69" begin="4140" end="4200" from="-72631490#0" number="10" type="type_19"/>
    <flow id="gsndj_n10__70" begin="4200" end="4260" from="gsndj_n10" number="13" type="type_17"/>
    <flow id="161701303#5__70" begin="4200" end="4260" from="161701303#5" number="13" type="type_22"/>
    <flow id="gsndj_s3__70" begin="4200" end="4260" from="gsndj_s3" number="13" type="type_8"/>
    <flow id="hrj_n8__70" begin="4200" end="4260" from="hrj_n8" number="10" type="type_12"/>
    <flow id="hrj_s4__70" begin="4200" end="4260" from="hrj_s4" number="10" type="type_22"/>
    <flow id="wjj_n9__70" begin="4200" end="4260" from="wjj_n9" number="10" type="type_13"/>
    <flow id="wjj_s9__70" begin="4200" end="4260" from="wjj_s9" number="10" type="type_19"/>
    <flow id="-72631490#0__70" begin="4200" end="4260" from="-72631490#0" number="10" type="type_22"/>
    <flow id="gsndj_n10__71" begin="4260" end="4320" from="gsndj_n10" number="13" type="type_17"/>
    <flow id="161701303#5__71" begin="4260" end="4320" from="161701303#5" number="13" type="type_10"/>
    <flow id="gsndj_s3__71" begin="4260" end="4320" from="gsndj_s3" number="13" type="type_17"/>
    <flow id="hrj_n8__71" begin="4260" end="4320" from="hrj_n8" number="10" type="type_12"/>
    <flow id="hrj_s4__71" begin="4260" end="4320" from="hrj_s4" number="10" type="type_19"/>
    <flow id="wjj_n9__71" begin="4260" end="4320" from="wjj_n9" number="10" type="type_19"/>
    <flow id="wjj_s9__71" begin="4260" end="4320" from="wjj_s9" number="10" type="type_19"/>
    <flow id="-72631490#0__71" begin="4260" end="4320" from="-72631490#0" number="10" type="type_17"/>
    <flow id="gsndj_n10__72" begin="4320" end="4380" from="gsndj_n10" number="13" type="type_7"/>
    <flow id="161701303#5__72" begin="4320" end="4380" from="161701303#5" number="13" type="type_16"/>
    <flow id="gsndj_s3__72" begin="4320" end="4380" from="gsndj_s3" number="13" type="type_17"/>
    <flow id="hrj_n8__72" begin="4320" end="4380" from="hrj_n8" number="10" type="type_17"/>
    <flow id="hrj_s4__72" begin="4320" end="4380" from="hrj_s4" number="10" type="type_12"/>
    <flow id="wjj_n9__72" begin="4320" end="4380" from="wjj_n9" number="10" type="type_17"/>
    <flow id="wjj_s9__72" begin="4320" end="4380" from="wjj_s9" number="10" type="type_6"/>
    <flow id="-72631490#0__72" begin="4320" end="4380" from="-72631490#0" number="10" type="type_17"/>
    <flow id="gsndj_n10__73" begin="4380" end="4440" from="gsndj_n10" number="13" type="type_7"/>
    <flow id="161701303#5__73" begin="4380" end="4440" from="161701303#5" number="13" type="type_12"/>
    <flow id="gsndj_s3__73" begin="4380" end="4440" from="gsndj_s3" number="13" type="type_19"/>
    <flow id="hrj_n8__73" begin="4380" end="4440" from="hrj_n8" number="10" type="type_17"/>
    <flow id="hrj_s4__73" begin="4380" end="4440" from="hrj_s4" number="10" type="type_19"/>
    <flow id="wjj_n9__73" begin="4380" end="4440" from="wjj_n9" number="10" type="type_18"/>
    <flow id="wjj_s9__73" begin="4380" end="4440" from="wjj_s9" number="10" type="type_15"/>
    <flow id="-72631490#0__73" begin="4380" end="4440" from="-72631490#0" number="10" type="type_13"/>
    <flow id="gsndj_n10__74" begin="4440" end="4500" from="gsndj_n10" number="13" type="type_18"/>
    <flow id="161701303#5__74" begin="4440" end="4500" from="161701303#5" number="13" type="type_9"/>
    <flow id="gsndj_s3__74" begin="4440" end="4500" from="gsndj_s3" number="13" type="type_19"/>
    <flow id="hrj_n8__74" begin="4440" end="4500" from="hrj_n8" number="10" type="type_12"/>
    <flow id="hrj_s4__74" begin="4440" end="4500" from="hrj_s4" number="10" type="type_17"/>
    <flow id="wjj_n9__74" begin="4440" end="4500" from="wjj_n9" number="10" type="type_7"/>
    <flow id="wjj_s9__74" begin="4440" end="4500" from="wjj_s9" number="10" type="type_16"/>
    <flow id="-72631490#0__74" begin="4440" end="4500" from="-72631490#0" number="10" type="type_7"/>
    <flow id="gsndj_n10__75" begin="4500" end="4560" from="gsndj_n10" number="13" type="type_12"/>
    <flow id="161701303#5__75" begin="4500" end="4560" from="161701303#5" number="13" type="type_7"/>
    <flow id="gsndj_s3__75" begin="4500" end="4560" from="gsndj_s3" number="13" type="type_16"/>
    <flow id="hrj_n8__75" begin="4500" end="4560" from="hrj_n8" number="10" type="type_5"/>
    <flow id="hrj_s4__75" begin="4500" end="4560" from="hrj_s4" number="10" type="type_24"/>
    <flow id="wjj_n9__75" begin="4500" end="4560" from="wjj_n9" number="10" type="type_14"/>
    <flow id="wjj_s9__75" begin="4500" end="4560" from="wjj_s9" number="10" type="type_22"/>
    <flow id="-72631490#0__75" begin="4500" end="4560" from="-72631490#0" number="10" type="type_16"/>
    <flow id="gsndj_n10__76" begin="4560" end="4620" from="gsndj_n10" number="13" type="type_21"/>
    <flow id="161701303#5__76" begin="4560" end="4620" from="161701303#5" number="13" type="type_0"/>
    <flow id="gsndj_s3__76" begin="4560" end="4620" from="gsndj_s3" number="13" type="type_12"/>
    <flow id="hrj_n8__76" begin="4560" end="4620" from="hrj_n8" number="10" type="type_12"/>
    <flow id="hrj_s4__76" begin="4560" end="4620" from="hrj_s4" number="10" type="type_12"/>
    <flow id="wjj_n9__76" begin="4560" end="4620" from="wjj_n9" number="10" type="type_5"/>
    <flow id="wjj_s9__76" begin="4560" end="4620" from="wjj_s9" number="10" type="type_4"/>
    <flow id="-72631490#0__76" begin="4560" end="4620" from="-72631490#0" number="10" type="type_21"/>
    <flow id="gsndj_n10__77" begin="4620" end="4680" from="gsndj_n10" number="13" type="type_16"/>
    <flow id="161701303#5__77" begin="4620" end="4680" from="161701303#5" number="13" type="type_7"/>
    <flow id="gsndj_s3__77" begin="4620" end="4680" from="gsndj_s3" number="13" type="type_10"/>
    <flow id="hrj_n8__77" begin="4620" end="4680" from="hrj_n8" number="10" type="type_16"/>
    <flow id="hrj_s4__77" begin="4620" end="4680" from="hrj_s4" number="10" type="type_4"/>
    <flow id="wjj_n9__77" begin="4620" end="4680" from="wjj_n9" number="10" type="type_24"/>
    <flow id="wjj_s9__77" begin="4620" end="4680" from="wjj_s9" number="10" type="type_10"/>
    <flow id="-72631490#0__77" begin="4620" end="4680" from="-72631490#0" number="10" type="type_12"/>
    <flow id="gsndj_n10__78" begin="4680" end="4740" from="gsndj_n10" number="13" type="type_17"/>
    <flow id="161701303#5__78" begin="4680" end="4740" from="161701303#5" number="13" type="type_2"/>
    <flow id="gsndj_s3__78" begin="4680" end="4740" from="gsndj_s3" number="13" type="type_18"/>
    <flow id="hrj_n8__78" begin="4680" end="4740" from="hrj_n8" number="10" type="type_17"/>
    <flow id="hrj_s4__78" begin="4680" end="4740" from="hrj_s4" number="10" type="type_7"/>
    <flow id="wjj_n9__78" begin="4680" end="4740" from="wjj_n9" number="10" type="type_14"/>
    <flow id="wjj_s9__78" begin="4680" end="4740" from="wjj_s9" number="10" type="type_22"/>
    <flow id="-72631490#0__78" begin="4680" end="4740" from="-72631490#0" number="10" type="type_20"/>
    <flow id="gsndj_n10__79" begin="4740" end="4800" from="gsndj_n10" number="13" type="type_17"/>
    <flow id="161701303#5__79" begin="4740" end="4800" from="161701303#5" number="13" type="type_4"/>
    <flow id="gsndj_s3__79" begin="4740" end="4800" from="gsndj_s3" number="13" type="type_9"/>
    <flow id="hrj_n8__79" begin="4740" end="4800" from="hrj_n8" number="10" type="type_17"/>
    <flow id="hrj_s4__79" begin="4740" end="4800" from="hrj_s4" number="10" type="type_7"/>
    <flow id="wjj_n9__79" begin="4740" end="4800" from="wjj_n9" number="10" type="type_17"/>
    <flow id="wjj_s9__79" begin="4740" end="4800" from="wjj_s9" number="10" type="type_22"/>
    <flow id="-72631490#0__79" begin="4740" end="4800" from="-72631490#0" number="10" type="type_2"/>
    <flow id="gsndj_n10__80" begin="4800" end="4860" from="gsndj_n10" number="13" type="type_3"/>
    <flow id="161701303#5__80" begin="4800" end="4860" from="161701303#5" number="13" type="type_19"/>
    <flow id="gsndj_s3__80" begin="4800" end="4860" from="gsndj_s3" number="13" type="type_8"/>
    <flow id="hrj_n8__80" begin="4800" end="4860" from="hrj_n8" number="10" type="type_20"/>
    <flow id="hrj_s4__80" begin="4800" end="4860" from="hrj_s4" number="10" type="type_17"/>
    <flow id="wjj_n9__80" begin="4800" end="4860" from="wjj_n9" number="10" type="type_4"/>
    <flow id="wjj_s9__80" begin="4800" end="4860" from="wjj_s9" number="10" type="type_17"/>
    <flow id="-72631490#0__80" begin="4800" end="4860" from="-72631490#0" number="10" type="type_8"/>
    <flow id="gsndj_n10__81" begin="4860" end="4920" from="gsndj_n10" number="13" type="type_3"/>
    <flow id="161701303#5__81" begin="4860" end="4920" from="161701303#5" number="13" type="type_9"/>
    <flow id="gsndj_s3__81" begin="4860" end="4920" from="gsndj_s3" number="13" type="type_24"/>
    <flow id="hrj_n8__81" begin="4860" end="4920" from="hrj_n8" number="10" type="type_7"/>
    <flow id="hrj_s4__81" begin="4860" end="4920" from="hrj_s4" number="10" type="type_5"/>
    <flow id="wjj_n9__81" begin="4860" end="4920" from="wjj_n9" number="10" type="type_19"/>
    <flow id="wjj_s9__81" begin="4860" end="4920" from="wjj_s9" number="10" type="type_8"/>
    <flow id="-72631490#0__81" begin="4860" end="4920" from="-72631490#0" number="10" type="type_2"/>
    <flow id="gsndj_n10__82" begin="4920" end="4980" from="gsndj_n10" number="13" type="type_8"/>
    <flow id="161701303#5__82" begin="4920" end="4980" from="161701303#5" number="13" type="type_2"/>
    <flow id="gsndj_s3__82" begin="4920" end="4980" from="gsndj_s3" number="13" type="type_6"/>
    <flow id="hrj_n8__82" begin="4920" end="4980" from="hrj_n8" number="10" type="type_5"/>
    <flow id="hrj_s4__82" begin="4920" end="4980" from="hrj_s4" number="10" type="type_10"/>
    <flow id="wjj_n9__82" begin="4920" end="4980" from="wjj_n9" number="10" type="type_12"/>
    <flow id="wjj_s9__82" begin="4920" end="4980" from="wjj_s9" number="10" type="type_15"/>
    <flow id="-72631490#0__82" begin="4920" end="4980" from="-72631490#0" number="10" type="type_17"/>
    <flow id="gsndj_n10__83" begin="4980" end="5040" from="gsndj_n10" number="13" type="type_1"/>
    <flow id="161701303#5__83" begin="4980" end="5040" from="161701303#5" number="13" type="type_23"/>
    <flow id="gsndj_s3__83" begin="4980" end="5040" from="gsndj_s3" number="13" type="type_22"/>
    <flow id="hrj_n8__83" begin="4980" end="5040" from="hrj_n8" number="10" type="type_21"/>
    <flow id="hrj_s4__83" begin="4980" end="5040" from="hrj_s4" number="10" type="type_22"/>
    <flow id="wjj_n9__83" begin="4980" end="5040" from="wjj_n9" number="10" type="type_3"/>
    <flow id="wjj_s9__83" begin="4980" end="5040" from="wjj_s9" number="10" type="type_16"/>
    <flow id="-72631490#0__83" begin="4980" end="5040" from="-72631490#0" number="10" type="type_24"/>
    <flow id="gsndj_n10__84" begin="5040" end="5100" from="gsndj_n10" number="13" type="type_14"/>
    <flow id="161701303#5__84" begin="5040" end="5100" from="161701303#5" number="13" type="type_8"/>
    <flow id="gsndj_s3__84" begin="5040" end="5100" from="gsndj_s3" number="13" type="type_2"/>
    <flow id="hrj_n8__84" begin="5040" end="5100" from="hrj_n8" number="10" type="type_17"/>
    <flow id="hrj_s4__84" begin="5040" end="5100" from="hrj_s4" number="10" type="type_9"/>
    <flow id="wjj_n9__84" begin="5040" end="5100" from="wjj_n9" number="10" type="type_8"/>
    <flow id="wjj_s9__84" begin="5040" end="5100" from="wjj_s9" number="10" type="type_17"/>
    <flow id="-72631490#0__84" begin="5040" end="5100" from="-72631490#0" number="10" type="type_2"/>
    <flow id="gsndj_n10__85" begin="5100" end="5160" from="gsndj_n10" number="13" type="type_9"/>
    <flow id="161701303#5__85" begin="5100" end="5160" from="161701303#5" number="13" type="type_2"/>
    <flow id="gsndj_s3__85" begin="5100" end="5160" from="gsndj_s3" number="13" type="type_1"/>
    <flow id="hrj_n8__85" begin="5100" end="5160" from="hrj_n8" number="10" type="type_18"/>
    <flow id="hrj_s4__85" begin="5100" end="5160" from="hrj_s4" number="10" type="type_17"/>
    <flow id="wjj_n9__85" begin="5100" end="5160" from="wjj_n9" number="10" type="type_5"/>
    <flow id="wjj_s9__85" begin="5100" end="5160" from="wjj_s9" number="10" type="type_9"/>
    <flow id="-72631490#0__85" begin="5100" end="5160" from="-72631490#0" number="10" type="type_9"/>
    <flow id="gsndj_n10__86" begin="5160" end="5220" from="gsndj_n10" number="13" type="type_5"/>
    <flow id="161701303#5__86" begin="5160" end="5220" from="161701303#5" number="13" type="type_7"/>
    <flow id="gsndj_s3__86" begin="5160" end="5220" from="gsndj_s3" number="13" type="type_6"/>
    <flow id="hrj_n8__86" begin="5160" end="5220" from="hrj_n8" number="10" type="type_10"/>
    <flow id="hrj_s4__86" begin="5160" end="5220" from="hrj_s4" number="10" type="type_7"/>
    <flow id="wjj_n9__86" begin="5160" end="5220" from="wjj_n9" number="10" type="type_24"/>
    <flow id="wjj_s9__86" begin="5160" end="5220" from="wjj_s9" number="10" type="type_17"/>
    <flow id="-72631490#0__86" begin="5160" end="5220" from="-72631490#0" number="10" type="type_10"/>
    <flow id="gsndj_n10__87" begin="5220" end="5280" from="gsndj_n10" number="13" type="type_17"/>
    <flow id="161701303#5__87" begin="5220" end="5280" from="161701303#5" number="13" type="type_21"/>
    <flow id="gsndj_s3__87" begin="5220" end="5280" from="gsndj_s3" number="13" type="type_12"/>
    <flow id="hrj_n8__87" begin="5220" end="5280" from="hrj_n8" number="10" type="type_9"/>
    <flow id="hrj_s4__87" begin="5220" end="5280" from="hrj_s4" number="10" type="type_17"/>
    <flow id="wjj_n9__87" begin="5220" end="5280" from="wjj_n9" number="10" type="type_15"/>
    <flow id="wjj_s9__87" begin="5220" end="5280" from="wjj_s9" number="10" type="type_19"/>
    <flow id="-72631490#0__87" begin="5220" end="5280" from="-72631490#0" number="10" type="type_0"/>
    <flow id="gsndj_n10__88" begin="5280" end="5340" from="gsndj_n10" number="13" type="type_17"/>
    <flow id="161701303#5__88" begin="5280" end="5340" from="161701303#5" number="13" type="type_17"/>
    <flow id="gsndj_s3__88" begin="5280" end="5340" from="gsndj_s3" number="13" type="type_17"/>
    <flow id="hrj_n8__88" begin="5280" end="5340" from="hrj_n8" number="10" type="type_22"/>
    <flow id="hrj_s4__88" begin="5280" end="5340" from="hrj_s4" number="10" type="type_7"/>
    <flow id="wjj_n9__88" begin="5280" end="5340" from="wjj_n9" number="10" type="type_17"/>
    <flow id="wjj_s9__88" begin="5280" end="5340" from="wjj_s9" number="10" type="type_18"/>
    <flow id="-72631490#0__88" begin="5280" end="5340" from="-72631490#0" number="10" type="type_7"/>
    <flow id="gsndj_n10__89" begin="5340" end="5400" from="gsndj_n10" number="13" type="type_7"/>
    <flow id="161701303#5__89" begin="5340" end="5400" from="161701303#5" number="13" type="type_18"/>
    <flow id="gsndj_s3__89" begin="5340" end="5400" from="gsndj_s3" number="13" type="type_21"/>
    <flow id="hrj_n8__89" begin="5340" end="5400" from="hrj_n8" number="10" type="type_17"/>
    <flow id="hrj_s4__89" begin="5340" end="5400" from="hrj_s4" number="10" type="type_17"/>
    <flow id="wjj_n9__89" begin="5340" end="5400" from="wjj_n9" number="10" type="type_17"/>
    <flow id="wjj_s9__89" begin="5340" end="5400" from="wjj_s9" number="10" type="type_17"/>
    <flow id="-72631490#0__89" begin="5340" end="5400" from="-72631490#0" number="10" type="type_15"/>
    <flow id="gsndj_n10__90" begin="5400" end="5460" from="gsndj_n10" number="13" type="type_10"/>
    <flow id="161701303#5__90" begin="5400" end="5460" from="161701303#5" number="13" type="type_12"/>
    <flow id="gsndj_s3__90" begin="5400" end="5460" from="gsndj_s3" number="13" type="type_17"/>
    <flow id="hrj_n8__90" begin="5400" end="5460" from="hrj_n8" number="10" type="type_20"/>
    <flow id="hrj_s4__90" begin="5400" end="5460" from="hrj_s4" number="10" type="type_22"/>
    <flow id="wjj_n9__90" begin="5400" end="5460" from="wjj_n9" number="10" type="type_22"/>
    <flow id="wjj_s9__90" begin="5400" end="5460" from="wjj_s9" number="10" type="type_7"/>
    <flow id="-72631490#0__90" begin="5400" end="5460" from="-72631490#0" number="10" type="type_7"/>
    <flow id="gsndj_n10__91" begin="5460" end="5520" from="gsndj_n10" number="13" type="type_2"/>
    <flow id="161701303#5__91" begin="5460" end="5520" from="161701303#5" number="13" type="type_2"/>
    <flow id="gsndj_s3__91" begin="5460" end="5520" from="gsndj_s3" number="13" type="type_17"/>
    <flow id="hrj_n8__91" begin="5460" end="5520" from="hrj_n8" number="10" type="type_11"/>
    <flow id="hrj_s4__91" begin="5460" end="5520" from="hrj_s4" number="10" type="type_14"/>
    <flow id="wjj_n9__91" begin="5460" end="5520" from="wjj_n9" number="10" type="type_12"/>
    <flow id="wjj_s9__91" begin="5460" end="5520" from="wjj_s9" number="10" type="type_17"/>
    <flow id="-72631490#0__91" begin="5460" end="5520" from="-72631490#0" number="10" type="type_7"/>
    <flow id="gsndj_n10__92" begin="5520" end="5580" from="gsndj_n10" number="13" type="type_14"/>
    <flow id="161701303#5__92" begin="5520" end="5580" from="161701303#5" number="13" type="type_2"/>
    <flow id="gsndj_s3__92" begin="5520" end="5580" from="gsndj_s3" number="13" type="type_7"/>
    <flow id="hrj_n8__92" begin="5520" end="5580" from="hrj_n8" number="10" type="type_17"/>
    <flow id="hrj_s4__92" begin="5520" end="5580" from="hrj_s4" number="10" type="type_21"/>
    <flow id="wjj_n9__92" begin="5520" end="5580" from="wjj_n9" number="10" type="type_7"/>
    <flow id="wjj_s9__92" begin="5520" end="5580" from="wjj_s9" number="10" type="type_10"/>
    <flow id="-72631490#0__92" begin="5520" end="5580" from="-72631490#0" number="10" type="type_11"/>
    <flow id="gsndj_n10__93" begin="5580" end="5640" from="gsndj_n10" number="13" type="type_22"/>
    <flow id="161701303#5__93" begin="5580" end="5640" from="161701303#5" number="13" type="type_17"/>
    <flow id="gsndj_s3__93" begin="5580" end="5640" from="gsndj_s3" number="13" type="type_14"/>
    <flow id="hrj_n8__93" begin="5580" end="5640" from="hrj_n8" number="10" type="type_19"/>
    <flow id="hrj_s4__93" begin="5580" end="5640" from="hrj_s4" number="10" type="type_17"/>
    <flow id="wjj_n9__93" begin="5580" end="5640" from="wjj_n9" number="10" type="type_17"/>
    <flow id="wjj_s9__93" begin="5580" end="5640" from="wjj_s9" number="10" type="type_7"/>
    <flow id="-72631490#0__93" begin="5580" end="5640" from="-72631490#0" number="10" type="type_12"/>
    <flow id="gsndj_n10__94" begin="5640" end="5700" from="gsndj_n10" number="13" type="type_6"/>
    <flow id="161701303#5__94" begin="5640" end="5700" from="161701303#5" number="13" type="type_17"/>
    <flow id="gsndj_s3__94" begin="5640" end="5700" from="gsndj_s3" number="13" type="type_12"/>
    <flow id="hrj_n8__94" begin="5640" end="5700" from="hrj_n8" number="10" type="type_15"/>
    <flow id="hrj_s4__94" begin="5640" end="5700" from="hrj_s4" number="10" type="type_12"/>
    <flow id="wjj_n9__94" begin="5640" end="5700" from="wjj_n9" number="10" type="type_5"/>
    <flow id="wjj_s9__94" begin="5640" end="5700" from="wjj_s9" number="10" type="type_17"/>
    <flow id="-72631490#0__94" begin="5640" end="5700" from="-72631490#0" number="10" type="type_9"/>
    <flow id="gsndj_n10__95" begin="5700" end="5760" from="gsndj_n10" number="13" type="type_17"/>
    <flow id="161701303#5__95" begin="5700" end="5760" from="161701303#5" number="13" type="type_19"/>
    <flow id="gsndj_s3__95" begin="5700" end="5760" from="gsndj_s3" number="13" type="type_17"/>
    <flow id="hrj_n8__95" begin="5700" end="5760" from="hrj_n8" number="10" type="type_9"/>
    <flow id="hrj_s4__95" begin="5700" end="5760" from="hrj_s4" number="10" type="type_17"/>
    <flow id="wjj_n9__95" begin="5700" end="5760" from="wjj_n9" number="10" type="type_16"/>
    <flow id="wjj_s9__95" begin="5700" end="5760" from="wjj_s9" number="10" type="type_17"/>
    <flow id="-72631490#0__95" begin="5700" end="5760" from="-72631490#0" number="10" type="type_17"/>
    <flow id="gsndj_n10__96" begin="5760" end="5820" from="gsndj_n10" number="13" type="type_2"/>
    <flow id="161701303#5__96" begin="5760" end="5820" from="161701303#5" number="13" type="type_8"/>
    <flow id="gsndj_s3__96" begin="5760" end="5820" from="gsndj_s3" number="13" type="type_19"/>
    <flow id="hrj_n8__96" begin="5760" end="5820" from="hrj_n8" number="10" type="type_9"/>
    <flow id="hrj_s4__96" begin="5760" end="5820" from="hrj_s4" number="10" type="type_15"/>
    <flow id="wjj_n9__96" begin="5760" end="5820" from="wjj_n9" number="10" type="type_15"/>
    <flow id="wjj_s9__96" begin="5760" end="5820" from="wjj_s9" number="10" type="type_9"/>
    <flow id="-72631490#0__96" begin="5760" end="5820" from="-72631490#0" number="10" type="type_22"/>
    <flow id="gsndj_n10__97" begin="5820" end="5880" from="gsndj_n10" number="13" type="type_7"/>
    <flow id="161701303#5__97" begin="5820" end="5880" from="161701303#5" number="13" type="type_22"/>
    <flow id="gsndj_s3__97" begin="5820" end="5880" from="gsndj_s3" number="13" type="type_15"/>
    <flow id="hrj_n8__97" begin="5820" end="5880" from="hrj_n8" number="10" type="type_13"/>
    <flow id="hrj_s4__97" begin="5820" end="5880" from="hrj_s4" number="10" type="type_5"/>
    <flow id="wjj_n9__97" begin="5820" end="5880" from="wjj_n9" number="10" type="type_19"/>
    <flow id="wjj_s9__97" begin="5820" end="5880" from="wjj_s9" number="10" type="type_6"/>
    <flow id="-72631490#0__97" begin="5820" end="5880" from="-72631490#0" number="10" type="type_15"/>
    <flow id="gsndj_n10__98" begin="5880" end="5940" from="gsndj_n10" number="13" type="type_17"/>
    <flow id="161701303#5__98" begin="5880" end="5940" from="161701303#5" number="13" type="type_17"/>
    <flow id="gsndj_s3__98" begin="5880" end="5940" from="gsndj_s3" number="13" type="type_19"/>
    <flow id="hrj_n8__98" begin="5880" end="5940" from="hrj_n8" number="10" type="type_7"/>
    <flow id="hrj_s4__98" begin="5880" end="5940" from="hrj_s4" number="10" type="type_7"/>
    <flow id="wjj_n9__98" begin="5880" end="5940" from="wjj_n9" number="10" type="type_19"/>
    <flow id="wjj_s9__98" begin="5880" end="5940" from="wjj_s9" number="10" type="type_6"/>
    <flow id="-72631490#0__98" begin="5880" end="5940" from="-72631490#0" number="10" type="type_9"/>
    <flow id="gsndj_n10__99" begin="5940" end="6000" from="gsndj_n10" number="13" type="type_12"/>
    <flow id="161701303#5__99" begin="5940" end="6000" from="161701303#5" number="13" type="type_2"/>
    <flow id="gsndj_s3__99" begin="5940" end="6000" from="gsndj_s3" number="13" type="type_17"/>
    <flow id="hrj_n8__99" begin="5940" end="6000" from="hrj_n8" number="10" type="type_7"/>
    <flow id="hrj_s4__99" begin="5940" end="6000" from="hrj_s4" number="10" type="type_7"/>
    <flow id="wjj_n9__99" begin="5940" end="6000" from="wjj_n9" number="10" type="type_7"/>
    <flow id="wjj_s9__99" begin="5940" end="6000" from="wjj_s9" number="10" type="type_6"/>
    <flow id="-72631490#0__99" begin="5940" end="6000" from="-72631490#0" number="10" type="type_17"/>
    <flow id="gsndj_n10__100" begin="6000" end="6060" from="gsndj_n10" number="13" type="type_17"/>
    <flow id="161701303#5__100" begin="6000" end="6060" from="161701303#5" number="13" type="type_12"/>
    <flow id="gsndj_s3__100" begin="6000" end="6060" from="gsndj_s3" number="13" type="type_15"/>
    <flow id="hrj_n8__100" begin="6000" end="6060" from="hrj_n8" number="10" type="type_23"/>
    <flow id="hrj_s4__100" begin="6000" end="6060" from="hrj_s4" number="10" type="type_15"/>
    <flow id="wjj_n9__100" begin="6000" end="6060" from="wjj_n9" number="10" type="type_9"/>
    <flow id="wjj_s9__100" begin="6000" end="6060" from="wjj_s9" number="10" type="type_2"/>
    <flow id="-72631490#0__100" begin="6000" end="6060" from="-72631490#0" number="10" type="type_2"/>
    <flow id="gsndj_n10__101" begin="6060" end="6120" from="gsndj_n10" number="13" type="type_16"/>
    <flow id="161701303#5__101" begin="6060" end="6120" from="161701303#5" number="13" type="type_4"/>
    <flow id="gsndj_s3__101" begin="6060" end="6120" from="gsndj_s3" number="13" type="type_7"/>
    <flow id="hrj_n8__101" begin="6060" end="6120" from="hrj_n8" number="10" type="type_11"/>
    <flow id="hrj_s4__101" begin="6060" end="6120" from="hrj_s4" number="10" type="type_7"/>
    <flow id="wjj_n9__101" begin="6060" end="6120" from="wjj_n9" number="10" type="type_7"/>
    <flow id="wjj_s9__101" begin="6060" end="6120" from="wjj_s9" number="10" type="type_12"/>
    <flow id="-72631490#0__101" begin="6060" end="6120" from="-72631490#0" number="10" type="type_0"/>
    <flow id="gsndj_n10__102" begin="6120" end="6180" from="gsndj_n10" number="13" type="type_0"/>
    <flow id="161701303#5__102" begin="6120" end="6180" from="161701303#5" number="13" type="type_14"/>
    <flow id="gsndj_s3__102" begin="6120" end="6180" from="gsndj_s3" number="13" type="type_22"/>
    <flow id="hrj_n8__102" begin="6120" end="6180" from="hrj_n8" number="10" type="type_14"/>
    <flow id="hrj_s4__102" begin="6120" end="6180" from="hrj_s4" number="10" type="type_4"/>
    <flow id="wjj_n9__102" begin="6120" end="6180" from="wjj_n9" number="10" type="type_17"/>
    <flow id="wjj_s9__102" begin="6120" end="6180" from="wjj_s9" number="10" type="type_7"/>
    <flow id="-72631490#0__102" begin="6120" end="6180" from="-72631490#0" number="10" type="type_12"/>
    <flow id="gsndj_n10__103" begin="6180" end="6240" from="gsndj_n10" number="13" type="type_17"/>
    <flow id="161701303#5__103" begin="6180" end="6240" from="161701303#5" number="13" type="type_14"/>
    <flow id="gsndj_s3__103" begin="6180" end="6240" from="gsndj_s3" number="13" type="type_17"/>
    <flow id="hrj_n8__103" begin="6180" end="6240" from="hrj_n8" number="10" type="type_17"/>
    <flow id="hrj_s4__103" begin="6180" end="6240" from="hrj_s4" number="10" type="type_12"/>
    <flow id="wjj_n9__103" begin="6180" end="6240" from="wjj_n9" number="10" type="type_16"/>
    <flow id="wjj_s9__103" begin="6180" end="6240" from="wjj_s9" number="10" type="type_17"/>
    <flow id="-72631490#0__103" begin="6180" end="6240" from="-72631490#0" number="10" type="type_4"/>
    <flow id="gsndj_n10__104" begin="6240" end="6300" from="gsndj_n10" number="13" type="type_12"/>
    <flow id="161701303#5__104" begin="6240" end="6300" from="161701303#5" number="13" type="type_16"/>
    <flow id="gsndj_s3__104" begin="6240" end="6300" from="gsndj_s3" number="13" type="type_18"/>
    <flow id="hrj_n8__104" begin="6240" end="6300" from="hrj_n8" number="10" type="type_14"/>
    <flow id="hrj_s4__104" begin="6240" end="6300" from="hrj_s4" number="10" type="type_15"/>
    <flow id="wjj_n9__104" begin="6240" end="6300" from="wjj_n9" number="10" type="type_4"/>
    <flow id="wjj_s9__104" begin="6240" end="6300" from="wjj_s9" number="10" type="type_24"/>
    <flow id="-72631490#0__104" begin="6240" end="6300" from="-72631490#0" number="10" type="type_22"/>
    <flow id="gsndj_n10__105" begin="6300" end="6360" from="gsndj_n10" number="13" type="type_6"/>
    <flow id="161701303#5__105" begin="6300" end="6360" from="161701303#5" number="13" type="type_9"/>
    <flow id="gsndj_s3__105" begin="6300" end="6360" from="gsndj_s3" number="13" type="type_2"/>
    <flow id="hrj_n8__105" begin="6300" end="6360" from="hrj_n8" number="10" type="type_2"/>
    <flow id="hrj_s4__105" begin="6300" end="6360" from="hrj_s4" number="10" type="type_4"/>
    <flow id="wjj_n9__105" begin="6300" end="6360" from="wjj_n9" number="10" type="type_7"/>
    <flow id="wjj_s9__105" begin="6300" end="6360" from="wjj_s9" number="10" type="type_17"/>
    <flow id="-72631490#0__105" begin="6300" end="6360" from="-72631490#0" number="10" type="type_22"/>
    <flow id="gsndj_n10__106" begin="6360" end="6420" from="gsndj_n10" number="13" type="type_15"/>
    <flow id="161701303#5__106" begin="6360" end="6420" from="161701303#5" number="13" type="type_12"/>
    <flow id="gsndj_s3__106" begin="6360" end="6420" from="gsndj_s3" number="13" type="type_21"/>
    <flow id="hrj_n8__106" begin="6360" end="6420" from="hrj_n8" number="10" type="type_18"/>
    <flow id="hrj_s4__106" begin="6360" end="6420" from="hrj_s4" number="10" type="type_5"/>
    <flow id="wjj_n9__106" begin="6360" end="6420" from="wjj_n9" number="10" type="type_8"/>
    <flow id="wjj_s9__106" begin="6360" end="6420" from="wjj_s9" number="10" type="type_18"/>
    <flow id="-72631490#0__106" begin="6360" end="6420" from="-72631490#0" number="10" type="type_17"/>
    <flow id="gsndj_n10__107" begin="6420" end="6480" from="gsndj_n10" number="13" type="type_19"/>
    <flow id="161701303#5__107" begin="6420" end="6480" from="161701303#5" number="13" type="type_12"/>
    <flow id="gsndj_s3__107" begin="6420" end="6480" from="gsndj_s3" number="13" type="type_18"/>
    <flow id="hrj_n8__107" begin="6420" end="6480" from="hrj_n8" number="10" type="type_12"/>
    <flow id="hrj_s4__107" begin="6420" end="6480" from="hrj_s4" number="10" type="type_4"/>
    <flow id="wjj_n9__107" begin="6420" end="6480" from="wjj_n9" number="10" type="type_12"/>
    <flow id="wjj_s9__107" begin="6420" end="6480" from="wjj_s9" number="10" type="type_16"/>
    <flow id="-72631490#0__107" begin="6420" end="6480" from="-72631490#0" number="10" type="type_13"/>
    <flow id="gsndj_n10__108" begin="6480" end="6540" from="gsndj_n10" number="13" type="type_10"/>
    <flow id="161701303#5__108" begin="6480" end="6540" from="161701303#5" number="13" type="type_9"/>
    <flow id="gsndj_s3__108" begin="6480" end="6540" from="gsndj_s3" number="13" type="type_7"/>
    <flow id="hrj_n8__108" begin="6480" end="6540" from="hrj_n8" number="10" type="type_8"/>
    <flow id="hrj_s4__108" begin="6480" end="6540" from="hrj_s4" number="10" type="type_18"/>
    <flow id="wjj_n9__108" begin="6480" end="6540" from="wjj_n9" number="10" type="type_17"/>
    <flow id="wjj_s9__108" begin="6480" end="6540" from="wjj_s9" number="10" type="type_6"/>
    <flow id="-72631490#0__108" begin="6480" end="6540" from="-72631490#0" number="10" type="type_17"/>
    <flow id="gsndj_n10__109" begin="6540" end="6600" from="gsndj_n10" number="13" type="type_18"/>
    <flow id="161701303#5__109" begin="6540" end="6600" from="161701303#5" number="13" type="type_7"/>
    <flow id="gsndj_s3__109" begin="6540" end="6600" from="gsndj_s3" number="13" type="type_16"/>
    <flow id="hrj_n8__109" begin="6540" end="6600" from="hrj_n8" number="10" type="type_23"/>
    <flow id="hrj_s4__109" begin="6540" end="6600" from="hrj_s4" number="10" type="type_3"/>
    <flow id="wjj_n9__109" begin="6540" end="6600" from="wjj_n9" number="10" type="type_2"/>
    <flow id="wjj_s9__109" begin="6540" end="6600" from="wjj_s9" number="10" type="type_2"/>
    <flow id="-72631490#0__109" begin="6540" end="6600" from="-72631490#0" number="10" type="type_19"/>
    <flow id="gsndj_n10__110" begin="6600" end="6660" from="gsndj_n10" number="13" type="type_17"/>
    <flow id="161701303#5__110" begin="6600" end="6660" from="161701303#5" number="13" type="type_17"/>
    <flow id="gsndj_s3__110" begin="6600" end="6660" from="gsndj_s3" number="13" type="type_19"/>
    <flow id="hrj_n8__110" begin="6600" end="6660" from="hrj_n8" number="10" type="type_12"/>
    <flow id="hrj_s4__110" begin="6600" end="6660" from="hrj_s4" number="10" type="type_14"/>
    <flow id="wjj_n9__110" begin="6600" end="6660" from="wjj_n9" number="10" type="type_17"/>
    <flow id="wjj_s9__110" begin="6600" end="6660" from="wjj_s9" number="10" type="type_17"/>
    <flow id="-72631490#0__110" begin="6600" end="6660" from="-72631490#0" number="10" type="type_12"/>
    <flow id="gsndj_n10__111" begin="6660" end="6720" from="gsndj_n10" number="13" type="type_22"/>
    <flow id="161701303#5__111" begin="6660" end="6720" from="161701303#5" number="13" type="type_14"/>
    <flow id="gsndj_s3__111" begin="6660" end="6720" from="gsndj_s3" number="13" type="type_12"/>
    <flow id="hrj_n8__111" begin="6660" end="6720" from="hrj_n8" number="10" type="type_22"/>
    <flow id="hrj_s4__111" begin="6660" end="6720" from="hrj_s4" number="10" type="type_12"/>
    <flow id="wjj_n9__111" begin="6660" end="6720" from="wjj_n9" number="10" type="type_19"/>
    <flow id="wjj_s9__111" begin="6660" end="6720" from="wjj_s9" number="10" type="type_17"/>
    <flow id="-72631490#0__111" begin="6660" end="6720" from="-72631490#0" number="10" type="type_17"/>
    <flow id="gsndj_n10__112" begin="6720" end="6780" from="gsndj_n10" number="13" type="type_24"/>
    <flow id="161701303#5__112" begin="6720" end="6780" from="161701303#5" number="13" type="type_22"/>
    <flow id="gsndj_s3__112" begin="6720" end="6780" from="gsndj_s3" number="13" type="type_5"/>
    <flow id="hrj_n8__112" begin="6720" end="6780" from="hrj_n8" number="10" type="type_11"/>
    <flow id="hrj_s4__112" begin="6720" end="6780" from="hrj_s4" number="10" type="type_9"/>
    <flow id="wjj_n9__112" begin="6720" end="6780" from="wjj_n9" number="10" type="type_9"/>
    <flow id="wjj_s9__112" begin="6720" end="6780" from="wjj_s9" number="10" type="type_17"/>
    <flow id="-72631490#0__112" begin="6720" end="6780" from="-72631490#0" number="10" type="type_23"/>
    <flow id="gsndj_n10__113" begin="6780" end="6840" from="gsndj_n10" number="13" type="type_2"/>
    <flow id="161701303#5__113" begin="6780" end="6840" from="161701303#5" number="13" type="type_7"/>
    <flow id="gsndj_s3__113" begin="6780" end="6840" from="gsndj_s3" number="13" type="type_7"/>
    <flow id="hrj_n8__113" begin="6780" end="6840" from="hrj_n8" number="10" type="type_17"/>
    <flow id="hrj_s4__113" begin="6780" end="6840" from="hrj_s4" number="10" type="type_19"/>
    <flow id="wjj_n9__113" begin="6780" end="6840" from="wjj_n9" number="10" type="type_22"/>
    <flow id="wjj_s9__113" begin="6780" end="6840" from="wjj_s9" number="10" type="type_13"/>
    <flow id="-72631490#0__113" begin="6780" end="6840" from="-72631490#0" number="10" type="type_7"/>
    <flow id="gsndj_n10__114" begin="6840" end="6900" from="gsndj_n10" number="13" type="type_15"/>
    <flow id="161701303#5__114" begin="6840" end="6900" from="161701303#5" number="13" type="type_4"/>
    <flow id="gsndj_s3__114" begin="6840" end="6900" from="gsndj_s3" number="13" type="type_22"/>
    <flow id="hrj_n8__114" begin="6840" end="6900" from="hrj_n8" number="10" type="type_2"/>
    <flow id="hrj_s4__114" begin="6840" end="6900" from="hrj_s4" number="10" type="type_17"/>
    <flow id="wjj_n9__114" begin="6840" end="6900" from="wjj_n9" number="10" type="type_7"/>
    <flow id="wjj_s9__114" begin="6840" end="6900" from="wjj_s9" number="10" type="type_15"/>
    <flow id="-72631490#0__114" begin="6840" end="6900" from="-72631490#0" number="10" type="type_12"/>
    <flow id="gsndj_n10__115" begin="6900" end="6960" from="gsndj_n10" number="13" type="type_12"/>
    <flow id="161701303#5__115" begin="6900" end="6960" from="161701303#5" number="13" type="type_17"/>
    <flow id="gsndj_s3__115" begin="6900" end="6960" from="gsndj_s3" number="13" type="type_0"/>
    <flow id="hrj_n8__115" begin="6900" end="6960" from="hrj_n8" number="10" type="type_10"/>
    <flow id="hrj_s4__115" begin="6900" end="6960" from="hrj_s4" number="10" type="type_7"/>
    <flow id="wjj_n9__115" begin="6900" end="6960" from="wjj_n9" number="10" type="type_23"/>
    <flow id="wjj_s9__115" begin="6900" end="6960" from="wjj_s9" number="10" type="type_12"/>
    <flow id="-72631490#0__115" begin="6900" end="6960" from="-72631490#0" number="10" type="type_22"/>
    <flow id="gsndj_n10__116" begin="6960" end="7020" from="gsndj_n10" number="13" type="type_17"/>
    <flow id="161701303#5__116" begin="6960" end="7020" from="161701303#5" number="13" type="type_17"/>
    <flow id="gsndj_s3__116" begin="6960" end="7020" from="gsndj_s3" number="13" type="type_14"/>
    <flow id="hrj_n8__116" begin="6960" end="7020" from="hrj_n8" number="10" type="type_14"/>
    <flow id="hrj_s4__116" begin="6960" end="7020" from="hrj_s4" number="10" type="type_12"/>
    <flow id="wjj_n9__116" begin="6960" end="7020" from="wjj_n9" number="10" type="type_7"/>
    <flow id="wjj_s9__116" begin="6960" end="7020" from="wjj_s9" number="10" type="type_9"/>
    <flow id="-72631490#0__116" begin="6960" end="7020" from="-72631490#0" number="10" type="type_12"/>
    <flow id="gsndj_n10__117" begin="7020" end="7080" from="gsndj_n10" number="13" type="type_17"/>
    <flow id="161701303#5__117" begin="7020" end="7080" from="161701303#5" number="13" type="type_17"/>
    <flow id="gsndj_s3__117" begin="7020" end="7080" from="gsndj_s3" number="13" type="type_8"/>
    <flow id="hrj_n8__117" begin="7020" end="7080" from="hrj_n8" number="10" type="type_17"/>
    <flow id="hrj_s4__117" begin="7020" end="7080" from="hrj_s4" number="10" type="type_5"/>
    <flow id="wjj_n9__117" begin="7020" end="7080" from="wjj_n9" number="10" type="type_8"/>
    <flow id="wjj_s9__117" begin="7020" end="7080" from="wjj_s9" number="10" type="type_17"/>
    <flow id="-72631490#0__117" begin="7020" end="7080" from="-72631490#0" number="10" type="type_7"/>
    <flow id="gsndj_n10__118" begin="7080" end="7140" from="gsndj_n10" number="13" type="type_22"/>
    <flow id="161701303#5__118" begin="7080" end="7140" from="161701303#5" number="13" type="type_7"/>
    <flow id="gsndj_s3__118" begin="7080" end="7140" from="gsndj_s3" number="13" type="type_19"/>
    <flow id="hrj_n8__118" begin="7080" end="7140" from="hrj_n8" number="10" type="type_12"/>
    <flow id="hrj_s4__118" begin="7080" end="7140" from="hrj_s4" number="10" type="type_15"/>
    <flow id="wjj_n9__118" begin="7080" end="7140" from="wjj_n9" number="10" type="type_16"/>
    <flow id="wjj_s9__118" begin="7080" end="7140" from="wjj_s9" number="10" type="type_18"/>
    <flow id="-72631490#0__118" begin="7080" end="7140" from="-72631490#0" number="10" type="type_12"/>
    <flow id="gsndj_n10__119" begin="7140" end="7200" from="gsndj_n10" number="13" type="type_7"/>
    <flow id="161701303#5__119" begin="7140" end="7200" from="161701303#5" number="13" type="type_8"/>
    <flow id="gsndj_s3__119" begin="7140" end="7200" from="gsndj_s3" number="13" type="type_16"/>
    <flow id="hrj_n8__119" begin="7140" end="7200" from="hrj_n8" number="10" type="type_16"/>
    <flow id="hrj_s4__119" begin="7140" end="7200" from="hrj_s4" number="10" type="type_14"/>
    <flow id="wjj_n9__119" begin="7140" end="7200" from="wjj_n9" number="10" type="type_7"/>
    <flow id="wjj_s9__119" begin="7140" end="7200" from="wjj_s9" number="10" type="type_13"/>
    <flow id="-72631490#0__119" begin="7140" end="7200" from="-72631490#0" number="10" type="type_7"/>
</routes>
