<routes>
  <vType id="car" length="5" accel="5" decel="10" speedDev="0.1"/>
  <flow id="f_0_0" departPos="random_free" from="-10114#1" to="-10079" via="10115#2 -10109" begin="0" end="300" vehsPerHour="325" type="car"/>
  <flow id="f_0_1" departPos="random_free" from="10096#1" to="10063" via="10089#3" begin="0" end="300" vehsPerHour="325" type="car"/>
  <flow id="f_1_0" departPos="random_free" from="-10114#1" to="-10079" via="10115#2 -10109" begin="300" end="600" vehsPerHour="325" type="car"/>
  <flow id="f_1_1" departPos="random_free" from="-10114#1" to="-10079" via="-10114#0 10108#0 gneE5" begin="300" end="600" vehsPerHour="325" type="car"/>
  <flow id="f_1_2" departPos="random_free" from="10096#1" to="10063" via="10089#3" begin="300" end="600" vehsPerHour="325" type="car"/>
  <flow id="f_1_3" departPos="random_free" from="-10185#1" to="-10071#3" via="gneE20" begin="300" end="600" vehsPerHour="325" type="car"/>
  <flow id="f_2_0" departPos="random_free" from="-10114#1" to="-10079" via="10115#2 -10109" begin="600" end="900" vehsPerHour="325" type="car"/>
  <flow id="f_2_1" departPos="random_free" from="-10114#1" to="-10079" via="-10114#0 10108#0 gneE5" begin="600" end="900" vehsPerHour="325" type="car"/>
  <flow id="f_2_2" departPos="random_free" from="-10114#1" to="-10079" via="-10114#0 10108#0 10102" begin="600" end="900" vehsPerHour="325" type="car"/>
  <flow id="f_2_3" departPos="random_free" from="-10114#1" to="10076" via="-10114#0 10107 10102" begin="600" end="900" vehsPerHour="325" type="car"/>
  <flow id="f_2_4" departPos="random_free" from="10096#1" to="10063" via="10089#3" begin="600" end="900" vehsPerHour="325" type="car"/>
  <flow id="f_2_5" departPos="random_free" from="-10185#1" to="-10071#3" via="gneE20" begin="600" end="900" vehsPerHour="325" type="car"/>
  <flow id="f_2_6" departPos="random_free" from="10096#1" to="10063" via="10109" begin="600" end="900" vehsPerHour="325" type="car"/>
  <flow id="f_2_7" departPos="random_free" from="-10185#1" to="-10061#5" via="gneE19" begin="600" end="900" vehsPerHour="325" type="car"/>
  <flow id="f_3_0" departPos="random_free" from="-10114#1" to="-10079" via="10115#2 -10109" begin="900" end="1200" vehsPerHour="325" type="car"/>
  <flow id="f_3_1" departPos="random_free" from="-10114#1" to="-10079" via="-10114#0 10108#0 gneE5" begin="900" end="1200" vehsPerHour="325" type="car"/>
  <flow id="f_3_2" departPos="random_free" from="-10114#1" to="-10079" via="-10114#0 10108#0 10102" begin="900" end="1200" vehsPerHour="325" type="car"/>
  <flow id="f_3_3" departPos="random_free" from="-10114#1" to="10076" via="-10114#0 10107 10102" begin="900" end="1200" vehsPerHour="325" type="car"/>
  <flow id="f_3_4" departPos="random_free" from="10096#1" to="10063" via="10089#3" begin="900" end="1200" vehsPerHour="325" type="car"/>
  <flow id="f_3_5" departPos="random_free" from="-10185#1" to="-10071#3" via="gneE20" begin="900" end="1200" vehsPerHour="325" type="car"/>
  <flow id="f_3_6" departPos="random_free" from="10096#1" to="10063" via="10109" begin="900" end="1200" vehsPerHour="325" type="car"/>
  <flow id="f_3_7" departPos="random_free" from="-10185#1" to="-10061#5" via="gneE19" begin="900" end="1200" vehsPerHour="325" type="car"/>
  <flow id="f_3_8" departPos="random_free" from="10052#1" to="10104" via="10181#1 -10089#3" begin="900" end="1200" vehsPerHour="325" type="car"/>
  <flow id="f_3_9" departPos="random_free" from="10061#4" to="-10085" via="10065#2 10102" begin="900" end="1200" vehsPerHour="325" type="car"/>
  <flow id="f_4_0" departPos="random_free" from="-10114#1" to="-10079" via="10115#2 -10109" begin="1200" end="1500" vehsPerHour="325" type="car"/>
  <flow id="f_4_1" departPos="random_free" from="-10114#1" to="-10079" via="-10114#0 10108#0 gneE5" begin="1200" end="1500" vehsPerHour="325" type="car"/>
  <flow id="f_4_2" departPos="random_free" from="-10114#1" to="-10079" via="-10114#0 10108#0 10102" begin="1200" end="1500" vehsPerHour="325" type="car"/>
  <flow id="f_4_3" departPos="random_free" from="-10114#1" to="10076" via="-10114#0 10107 10102" begin="1200" end="1500" vehsPerHour="325" type="car"/>
  <flow id="f_4_4" departPos="random_free" from="10096#1" to="10063" via="10089#3" begin="1200" end="1500" vehsPerHour="325" type="car"/>
  <flow id="f_4_5" departPos="random_free" from="-10185#1" to="-10071#3" via="gneE20" begin="1200" end="1500" vehsPerHour="325" type="car"/>
  <flow id="f_4_6" departPos="random_free" from="10096#1" to="10063" via="10109" begin="1200" end="1500" vehsPerHour="325" type="car"/>
  <flow id="f_4_7" departPos="random_free" from="-10185#1" to="-10061#5" via="gneE19" begin="1200" end="1500" vehsPerHour="325" type="car"/>
  <flow id="f_4_8" departPos="random_free" from="10052#1" to="10104" via="10181#1 -10089#3" begin="1200" end="1500" vehsPerHour="325" type="car"/>
  <flow id="f_4_9" departPos="random_free" from="-10064#9" to="10104" via="-10068 10102" begin="1200" end="1500" vehsPerHour="325" type="car"/>
  <flow id="f_4_10" departPos="random_free" from="10061#4" to="-10085" via="10065#2 10102" begin="1200" end="1500" vehsPerHour="325" type="car"/>
  <flow id="f_4_11" departPos="random_free" from="10071#3" to="10085" via="10065#2 -10064#3" begin="1200" end="1500" vehsPerHour="325" type="car"/>
  <flow id="f_5_0" departPos="random_free" from="-10114#1" to="-10079" via="10115#2 -10109" begin="1500" end="1800" vehsPerHour="325" type="car"/>
  <flow id="f_5_1" departPos="random_free" from="-10114#1" to="-10079" via="-10114#0 10108#0 gneE5" begin="1500" end="1800" vehsPerHour="325" type="car"/>
  <flow id="f_5_2" departPos="random_free" from="-10114#1" to="-10079" via="-10114#0 10108#0 10102" begin="1500" end="1800" vehsPerHour="325" type="car"/>
  <flow id="f_5_3" departPos="random_free" from="-10114#1" to="10076" via="-10114#0 10107 10102" begin="1500" end="1800" vehsPerHour="325" type="car"/>
  <flow id="f_5_4" departPos="random_free" from="10096#1" to="10063" via="10089#3" begin="1500" end="1800" vehsPerHour="325" type="car"/>
  <flow id="f_5_5" departPos="random_free" from="-10185#1" to="-10071#3" via="gneE20" begin="1500" end="1800" vehsPerHour="325" type="car"/>
  <flow id="f_5_6" departPos="random_free" from="10096#1" to="10063" via="10109" begin="1500" end="1800" vehsPerHour="325" type="car"/>
  <flow id="f_5_7" departPos="random_free" from="-10185#1" to="-10061#5" via="gneE19" begin="1500" end="1800" vehsPerHour="325" type="car"/>
  <flow id="f_5_8" departPos="random_free" from="10052#1" to="10104" via="10181#1 -10089#3" begin="1500" end="1800" vehsPerHour="325" type="car"/>
  <flow id="f_5_9" departPos="random_free" from="-10064#9" to="10104" via="-10068 10102" begin="1500" end="1800" vehsPerHour="325" type="car"/>
  <flow id="f_5_10" departPos="random_free" from="-10051#2" to="10043" via="10181#1 gneE4" begin="1500" end="1800" vehsPerHour="325" type="car"/>
  <flow id="f_5_11" departPos="random_free" from="-10064#9" to="-10110" via="-10064#4 -10064#3" begin="1500" end="1800" vehsPerHour="325" type="car"/>
  <flow id="f_5_12" departPos="random_free" from="10061#4" to="-10085" via="10065#2 10102" begin="1500" end="1800" vehsPerHour="325" type="car"/>
  <flow id="f_5_13" departPos="random_free" from="10071#3" to="10085" via="10065#2 -10064#3" begin="1500" end="1800" vehsPerHour="325" type="car"/>
  <flow id="f_5_14" departPos="random_free" from="-10070#1" to="-10086" via="gneE9" begin="1500" end="1800" vehsPerHour="325" type="car"/>
  <flow id="f_5_15" departPos="random_free" from="-10063" to="10085" via="gneE8" begin="1500" end="1800" vehsPerHour="325" type="car"/>
  <flow id="f_6_0" departPos="random_free" from="-10114#1" to="-10079" via="10115#2 -10109" begin="1800" end="2100" vehsPerHour="325" type="car"/>
  <flow id="f_6_1" departPos="random_free" from="-10114#1" to="-10079" via="-10114#0 10108#0 gneE5" begin="1800" end="2100" vehsPerHour="325" type="car"/>
  <flow id="f_6_2" departPos="random_free" from="10096#1" to="10063" via="10089#3" begin="1800" end="2100" vehsPerHour="325" type="car"/>
  <flow id="f_6_3" departPos="random_free" from="-10185#1" to="-10071#3" via="gneE20" begin="1800" end="2100" vehsPerHour="325" type="car"/>
  <flow id="f_6_4" departPos="random_free" from="10052#1" to="10104" via="10181#1 -10089#3" begin="1800" end="2100" vehsPerHour="325" type="car"/>
  <flow id="f_6_5" departPos="random_free" from="-10064#9" to="10104" via="-10068 10102" begin="1800" end="2100" vehsPerHour="325" type="car"/>
  <flow id="f_6_6" departPos="random_free" from="-10051#2" to="10043" via="10181#1 gneE4" begin="1800" end="2100" vehsPerHour="325" type="car"/>
  <flow id="f_6_7" departPos="random_free" from="-10064#9" to="-10110" via="-10064#4 -10064#3" begin="1800" end="2100" vehsPerHour="325" type="car"/>
  <flow id="f_6_8" departPos="random_free" from="10061#4" to="-10085" via="10065#2 10102" begin="1800" end="2100" vehsPerHour="325" type="car"/>
  <flow id="f_6_9" departPos="random_free" from="10071#3" to="10085" via="10065#2 -10064#3" begin="1800" end="2100" vehsPerHour="325" type="car"/>
  <flow id="f_6_10" departPos="random_free" from="-10070#1" to="-10086" via="gneE9" begin="1800" end="2100" vehsPerHour="325" type="car"/>
  <flow id="f_6_11" departPos="random_free" from="-10063" to="10085" via="gneE8" begin="1800" end="2100" vehsPerHour="325" type="car"/>
  <flow id="f_7_0" departPos="random_free" from="-10114#1" to="-10079" via="10115#2 -10109" begin="2100" end="2400" vehsPerHour="325" type="car"/>
  <flow id="f_7_1" departPos="random_free" from="10096#1" to="10063" via="10089#3" begin="2100" end="2400" vehsPerHour="325" type="car"/>
  <flow id="f_7_2" departPos="random_free" from="10052#1" to="10104" via="10181#1 -10089#3" begin="2100" end="2400" vehsPerHour="325" type="car"/>
  <flow id="f_7_3" departPos="random_free" from="-10064#9" to="10104" via="-10068 10102" begin="2100" end="2400" vehsPerHour="325" type="car"/>
  <flow id="f_7_4" departPos="random_free" from="-10051#2" to="10043" via="10181#1 gneE4" begin="2100" end="2400" vehsPerHour="325" type="car"/>
  <flow id="f_7_5" departPos="random_free" from="-10064#9" to="-10110" via="-10064#4 -10064#3" begin="2100" end="2400" vehsPerHour="325" type="car"/>
  <flow id="f_7_6" departPos="random_free" from="10061#4" to="-10085" via="10065#2 10102" begin="2100" end="2400" vehsPerHour="325" type="car"/>
  <flow id="f_7_7" departPos="random_free" from="10071#3" to="10085" via="10065#2 -10064#3" begin="2100" end="2400" vehsPerHour="325" type="car"/>
  <flow id="f_7_8" departPos="random_free" from="-10070#1" to="-10086" via="gneE9" begin="2100" end="2400" vehsPerHour="325" type="car"/>
  <flow id="f_7_9" departPos="random_free" from="-10063" to="10085" via="gneE8" begin="2100" end="2400" vehsPerHour="325" type="car"/>
  <flow id="f_8_0" departPos="random_free" from="10052#1" to="10104" via="10181#1 -10089#3" begin="2400" end="2700" vehsPerHour="325" type="car"/>
  <flow id="f_8_1" departPos="random_free" from="-10064#9" to="10104" via="-10068 10102" begin="2400" end="2700" vehsPerHour="325" type="car"/>
  <flow id="f_8_2" departPos="random_free" from="-10051#2" to="10043" via="10181#1 gneE4" begin="2400" end="2700" vehsPerHour="325" type="car"/>
  <flow id="f_8_3" departPos="random_free" from="-10064#9" to="-10110" via="-10064#4 -10064#3" begin="2400" end="2700" vehsPerHour="325" type="car"/>
  <flow id="f_8_4" departPos="random_free" from="10061#4" to="-10085" via="10065#2 10102" begin="2400" end="2700" vehsPerHour="325" type="car"/>
  <flow id="f_8_5" departPos="random_free" from="10071#3" to="10085" via="10065#2 -10064#3" begin="2400" end="2700" vehsPerHour="325" type="car"/>
  <flow id="f_8_6" departPos="random_free" from="-10070#1" to="-10086" via="gneE9" begin="2400" end="2700" vehsPerHour="325" type="car"/>
  <flow id="f_8_7" departPos="random_free" from="-10063" to="10085" via="gneE8" begin="2400" end="2700" vehsPerHour="325" type="car"/>
  <flow id="f_9_0" departPos="random_free" from="10052#1" to="10104" via="10181#1 -10089#3" begin="2700" end="3000" vehsPerHour="325" type="car"/>
  <flow id="f_9_1" departPos="random_free" from="-10064#9" to="10104" via="-10068 10102" begin="2700" end="3000" vehsPerHour="325" type="car"/>
  <flow id="f_9_2" departPos="random_free" from="10061#4" to="-10085" via="10065#2 10102" begin="2700" end="3000" vehsPerHour="325" type="car"/>
  <flow id="f_9_3" departPos="random_free" from="10071#3" to="10085" via="10065#2 -10064#3" begin="2700" end="3000" vehsPerHour="325" type="car"/>
  <flow id="f_10_0" departPos="random_free" from="10052#1" to="10104" via="10181#1 -10089#3" begin="3000" end="3300" vehsPerHour="325" type="car"/>
  <flow id="f_10_1" departPos="random_free" from="10061#4" to="-10085" via="10065#2 10102" begin="3000" end="3300" vehsPerHour="325" type="car"/>
</routes>
