<additional>
  <laneAreaDetector file="ild.out" freq="1" id="-10089#4_1" lane="-10089#4_1" pos="-28" endPos="-1"/>
  <laneAreaDetector file="ild.out" freq="1" id="-10089#4_2" lane="-10089#4_2" pos="-28" endPos="-1"/>
  <laneAreaDetector file="ild.out" freq="1" id="gneE5_0" lane="gneE5_0" pos="-63" endPos="-13"/>
  <laneAreaDetector file="ild.out" freq="1" id="10089#3_1" lane="10089#3_1" pos="-50" endPos="-1"/>
  <laneAreaDetector file="ild.out" freq="1" id="10089#3_2" lane="10089#3_2" pos="-50" endPos="-1"/>
  <laneAreaDetector file="ild.out" freq="1" id="-10046#0_1" lane="-10046#0_1" pos="-36" endPos="-1"/>
  <laneAreaDetector file="ild.out" freq="1" id="-10115#5_1" lane="-10115#5_1" pos="-50" endPos="-1"/>
  <laneAreaDetector file="ild.out" freq="1" id="-10104_1" lane="-10104_1" pos="-50" endPos="-1"/>
  <laneAreaDetector file="ild.out" freq="1" id="10115#4_1" lane="10115#4_1" pos="-44" endPos="-1"/>
  <laneAreaDetector file="ild.out" freq="1" id="10106#3_1" lane="10106#3_1" pos="-50" endPos="-1"/>
  <laneAreaDetector file="ild.out" freq="1" id="10061#5_1" lane="10061#5_1" pos="-50" endPos="-1"/>
  <laneAreaDetector file="ild.out" freq="1" id="10065#1_1" lane="10065#1_1" pos="-23" endPos="-1"/>
  <laneAreaDetector file="ild.out" freq="1" id="-10065#2_1" lane="-10065#2_1" pos="-50" endPos="-1"/>
  <laneAreaDetector file="ild.out" freq="1" id="-10083#0_1" lane="-10083#0_1" pos="-35" endPos="-1"/>
  <laneAreaDetector file="ild.out" freq="1" id="gneE19_0" lane="gneE19_0" pos="1" endPos="50"/>
  <laneAreaDetector file="ild.out" freq="1" id="10071#4_1" lane="10071#4_1" pos="-26" endPos="-1"/>
  <laneAreaDetector file="ild.out" freq="1" id="-10071#5_1" lane="-10071#5_1" pos="-45" endPos="-1"/>
  <laneAreaDetector file="ild.out" freq="1" id="-10065#0_1" lane="-10065#0_1" pos="-17" endPos="-1"/>
  <laneAreaDetector file="ild.out" freq="1" id="-10062_1" lane="-10062_1" pos="-19" endPos="-1"/>
  <laneAreaDetector file="ild.out" freq="1" id="-10043_1" lane="-10043_1" pos="-50" endPos="-1"/>
  <laneAreaDetector file="ild.out" freq="1" id="-10110_1" lane="-10110_1" pos="-50" endPos="-1"/>
  <laneAreaDetector file="ild.out" freq="1" id="10104_1" lane="10104_1" pos="-50" endPos="-1"/>
  <laneAreaDetector file="ild.out" freq="1" id="-10051#0_1" lane="-10051#0_1" pos="-50" endPos="-1"/>
  <laneAreaDetector file="ild.out" freq="1" id="10050#0_1" lane="10050#0_1" pos="-34" endPos="-1"/>
  <laneAreaDetector file="ild.out" freq="1" id="10071#5_1" lane="10071#5_1" pos="-47" endPos="-1"/>
  <laneAreaDetector file="ild.out" freq="1" id="-10053#1_1" lane="-10053#1_1" pos="-50" endPos="-1"/>
  <laneAreaDetector file="ild.out" freq="1" id="10053#0_1" lane="10053#0_1" pos="-22" endPos="-1"/>
  <laneAreaDetector file="ild.out" freq="1" id="gneE10_0" lane="gneE10_0" pos="-50" endPos="-1"/>
  <laneAreaDetector file="ild.out" freq="1" id="-10106#2_1" lane="-10106#2_1" pos="-32" endPos="-1"/>
  <laneAreaDetector file="ild.out" freq="1" id="10106#1_1" lane="10106#1_1" pos="-50" endPos="-1"/>
  <laneAreaDetector file="ild.out" freq="1" id="10109_1" lane="10109_1" pos="-50" endPos="-1"/>
  <laneAreaDetector file="ild.out" freq="1" id="-10064#4_1" lane="-10064#4_1" pos="-50" endPos="-1"/>
  <laneAreaDetector file="ild.out" freq="1" id="-10064#4_2" lane="-10064#4_2" pos="-50" endPos="-1"/>
  <laneAreaDetector file="ild.out" freq="1" id="10065#2_1" lane="10065#2_1" pos="-50" endPos="-1"/>
  <laneAreaDetector file="ild.out" freq="1" id="10064#3_1" lane="10064#3_1" pos="-50" endPos="-1"/>
  <laneAreaDetector file="ild.out" freq="1" id="10064#3_2" lane="10064#3_2" pos="-50" endPos="-1"/>
  <laneAreaDetector file="ild.out" freq="1" id="-10059_1" lane="-10059_1" pos="-15" endPos="-1"/>
  <laneAreaDetector file="ild.out" freq="1" id="-10089#3_1" lane="-10089#3_1" pos="-50" endPos="-1"/>
  <laneAreaDetector file="ild.out" freq="1" id="-10089#3_2" lane="-10089#3_2" pos="-50" endPos="-1"/>
  <laneAreaDetector file="ild.out" freq="1" id="10089#2_1" lane="10089#2_1" pos="-24" endPos="-1"/>
  <laneAreaDetector file="ild.out" freq="1" id="10089#2_2" lane="10089#2_2" pos="-24" endPos="-1"/>
  <laneAreaDetector file="ild.out" freq="1" id="10099#3_1" lane="10099#3_1" pos="-22" endPos="-1"/>
  <laneAreaDetector file="ild.out" freq="1" id="10052#5_1" lane="10052#5_1" pos="-5" endPos="-1"/>
  <laneAreaDetector file="ild.out" freq="1" id="10180#3_1" lane="10180#3_1" pos="-19" endPos="-1"/>
  <laneAreaDetector file="ild.out" freq="1" id="-10053#0_1" lane="-10053#0_1" pos="-22" endPos="-1"/>
  <laneAreaDetector file="ild.out" freq="1" id="10053#2_1" lane="10053#2_1" pos="-50" endPos="-1"/>
  <laneAreaDetector file="ild.out" freq="1" id="-10067#0_1" lane="-10067#0_1" pos="-5" endPos="-1"/>
  <laneAreaDetector file="ild.out" freq="1" id="-10080#0_1" lane="-10080#0_1" pos="-50" endPos="-1"/>
  <laneAreaDetector file="ild.out" freq="1" id="10183#13_1" lane="10183#13_1" pos="-22" endPos="-1"/>
  <laneAreaDetector file="ild.out" freq="1" id="-10183#14_1" lane="-10183#14_1" pos="-17" endPos="-1"/>
  <laneAreaDetector file="ild.out" freq="1" id="-10185#0_1" lane="-10185#0_1" pos="-50" endPos="-1"/>
  <laneAreaDetector file="ild.out" freq="1" id="10031#0_1" lane="10031#0_1" pos="-32" endPos="-1"/>
  <laneAreaDetector file="ild.out" freq="1" id="10031#0_2" lane="10031#0_2" pos="-32" endPos="-1"/>
  <laneAreaDetector file="ild.out" freq="1" id="10077_1" lane="10077_1" pos="-8" endPos="-1"/>
  <laneAreaDetector file="ild.out" freq="1" id="10086_1" lane="10086_1" pos="-50" endPos="-1"/>
  <laneAreaDetector file="ild.out" freq="1" id="10046#1_1" lane="10046#1_1" pos="-16" endPos="-1"/>
  <laneAreaDetector file="ild.out" freq="1" id="gneE13_0" lane="gneE13_0" pos="-50" endPos="-1"/>
  <laneAreaDetector file="ild.out" freq="1" id="gneE15_0" lane="gneE15_0" pos="-31" endPos="-1"/>
  <laneAreaDetector file="ild.out" freq="1" id="-10051#1_1" lane="-10051#1_1" pos="-23" endPos="-1"/>
  <laneAreaDetector file="ild.out" freq="1" id="10051#0_1" lane="10051#0_1" pos="-50" endPos="-1"/>
  <laneAreaDetector file="ild.out" freq="1" id="-10178_1" lane="-10178_1" pos="-11" endPos="-1"/>
  <laneAreaDetector file="ild.out" freq="1" id="-10094#2_1" lane="-10094#2_1" pos="-17" endPos="-1"/>
  <laneAreaDetector file="ild.out" freq="1" id="-10095_1" lane="-10095_1" pos="-50" endPos="-1"/>
  <laneAreaDetector file="ild.out" freq="1" id="10094#1_1" lane="10094#1_1" pos="-18" endPos="-1"/>
  <laneAreaDetector file="ild.out" freq="1" id="-10089#2_1" lane="-10089#2_1" pos="-24" endPos="-1"/>
  <laneAreaDetector file="ild.out" freq="1" id="-10089#2_2" lane="-10089#2_2" pos="-24" endPos="-1"/>
  <laneAreaDetector file="ild.out" freq="1" id="-10109_1" lane="-10109_1" pos="-50" endPos="-1"/>
  <laneAreaDetector file="ild.out" freq="1" id="10089#1_1" lane="10089#1_1" pos="-50" endPos="-1"/>
  <laneAreaDetector file="ild.out" freq="1" id="10089#1_2" lane="10089#1_2" pos="-50" endPos="-1"/>
  <laneAreaDetector file="ild.out" freq="1" id="10094#3_1" lane="10094#3_1" pos="-15" endPos="-1"/>
  <laneAreaDetector file="ild.out" freq="1" id="-10106#3_1" lane="-10106#3_1" pos="-50" endPos="-1"/>
  <laneAreaDetector file="ild.out" freq="1" id="10049_1" lane="10049_1" pos="-43" endPos="-1"/>
  <laneAreaDetector file="ild.out" freq="1" id="10106#2_1" lane="10106#2_1" pos="-38" endPos="-1"/>
  <laneAreaDetector file="ild.out" freq="1" id="gneE20_0" lane="gneE20_0" pos="-50" endPos="-1"/>
  <laneAreaDetector file="ild.out" freq="1" id="-10100_1" lane="-10100_1" pos="-50" endPos="-1"/>
  <laneAreaDetector file="ild.out" freq="1" id="-10186_1" lane="-10186_1" pos="-50" endPos="-1"/>
  <laneAreaDetector file="ild.out" freq="1" id="-10078#2_1" lane="-10078#2_1" pos="-9" endPos="-1"/>
  <laneAreaDetector file="ild.out" freq="1" id="10083#2_1" lane="10083#2_1" pos="-50" endPos="-1"/>
  <laneAreaDetector file="ild.out" freq="1" id="-10084#0_1" lane="-10084#0_1" pos="-50" endPos="-1"/>
  <laneAreaDetector file="ild.out" freq="1" id="-10115#4_1" lane="-10115#4_1" pos="-42" endPos="-1"/>
  <laneAreaDetector file="ild.out" freq="1" id="10110_1" lane="10110_1" pos="-50" endPos="-1"/>
  <laneAreaDetector file="ild.out" freq="1" id="10115#2_1" lane="10115#2_1" pos="-50" endPos="-1"/>
  <laneAreaDetector file="ild.out" freq="1" id="-10049_1" lane="-10049_1" pos="-44" endPos="-1"/>
  <laneAreaDetector file="ild.out" freq="1" id="gneE11_0" lane="gneE11_0" pos="-50" endPos="-1"/>
  <laneAreaDetector file="ild.out" freq="1" id="gneE11_1" lane="gneE11_1" pos="-50" endPos="-1"/>
  <laneAreaDetector file="ild.out" freq="1" id="gneE9_0" lane="gneE9_0" pos="-50" endPos="-1"/>
  <laneAreaDetector file="ild.out" freq="1" id="-10090#0_1" lane="-10090#0_1" pos="-16" endPos="-1"/>
  <laneAreaDetector file="ild.out" freq="1" id="-10090#0_2" lane="-10090#0_2" pos="-16" endPos="-1"/>
  <laneAreaDetector file="ild.out" freq="1" id="10092_1" lane="10092_1" pos="-38" endPos="-1"/>
  <laneAreaDetector file="ild.out" freq="1" id="10092_2" lane="10092_2" pos="-38" endPos="-1"/>
  <laneAreaDetector file="ild.out" freq="1" id="-10085_1" lane="-10085_1" pos="-50" endPos="-1"/>
  <laneAreaDetector file="ild.out" freq="1" id="gneE16_0" lane="gneE16_0" pos="-31" endPos="-1"/>
  <laneAreaDetector file="ild.out" freq="1" id="10100_1" lane="10100_1" pos="-50" endPos="-1"/>
  <laneAreaDetector file="ild.out" freq="1" id="-10046#5_1" lane="-10046#5_1" pos="-11" endPos="-1"/>
  <laneAreaDetector file="ild.out" freq="1" id="10090#1_1" lane="10090#1_1" pos="-37" endPos="-1"/>
  <laneAreaDetector file="ild.out" freq="1" id="10090#1_2" lane="10090#1_2" pos="-37" endPos="-1"/>
  <laneAreaDetector file="ild.out" freq="1" id="10108#5_1" lane="10108#5_1" pos="-50" endPos="-1"/>
  <laneAreaDetector file="ild.out" freq="1" id="10108#5_2" lane="10108#5_2" pos="-50" endPos="-1"/>
  <laneAreaDetector file="ild.out" freq="1" id="10115#5_1" lane="10115#5_1" pos="-50" endPos="-1"/>
  <laneAreaDetector file="ild.out" freq="1" id="gneE4_0" lane="gneE4_0" pos="-63" endPos="-13"/>
  <laneAreaDetector file="ild.out" freq="1" id="10108#2_1" lane="10108#2_1" pos="-18" endPos="-1"/>
  <laneAreaDetector file="ild.out" freq="1" id="10108#2_2" lane="10108#2_2" pos="-18" endPos="-1"/>
  <laneAreaDetector file="ild.out" freq="1" id="10062_1" lane="10062_1" pos="-21" endPos="-1"/>
  <laneAreaDetector file="ild.out" freq="1" id="gneE7_0" lane="gneE7_0" pos="-47" endPos="-1"/>
  <laneAreaDetector file="ild.out" freq="1" id="gneE7_1" lane="gneE7_1" pos="-47" endPos="-1"/>
  <laneAreaDetector file="ild.out" freq="1" id="10067#1_1" lane="10067#1_1" pos="-50" endPos="-1"/>
  <laneAreaDetector file="ild.out" freq="1" id="10108#0_1" lane="10108#0_1" pos="-50" endPos="-1"/>
  <laneAreaDetector file="ild.out" freq="1" id="10108#0_2" lane="10108#0_2" pos="-50" endPos="-1"/>
  <laneAreaDetector file="ild.out" freq="1" id="10043_1" lane="10043_1" pos="-50" endPos="-1"/>
  <laneAreaDetector file="ild.out" freq="1" id="-10108#2_1" lane="-10108#2_1" pos="-19" endPos="-1"/>
  <laneAreaDetector file="ild.out" freq="1" id="-10108#2_2" lane="-10108#2_2" pos="-19" endPos="-1"/>
  <laneAreaDetector file="ild.out" freq="1" id="10102_1" lane="10102_1" pos="-50" endPos="-1"/>
  <laneAreaDetector file="ild.out" freq="1" id="10102_2" lane="10102_2" pos="-50" endPos="-1"/>
  <laneAreaDetector file="ild.out" freq="1" id="gneE18_0" lane="gneE18_0" pos="-116" endPos="-66"/>
  <laneAreaDetector file="ild.out" freq="1" id="-10116_1" lane="-10116_1" pos="-50" endPos="-1"/>
  <laneAreaDetector file="ild.out" freq="1" id="10181#2_1" lane="10181#2_1" pos="-37" endPos="-1"/>
</additional>
